0,0.0,0.0,-0.37719298245614036,-0.14912280701754385,-0.6578947368421053,-0.4649122807017544,-0.7456140350877193,-0.7631578947368421,-0.7017543859649122,-1.0,-0.45614035087719296,-0.8245614035087719,-0.5263157894736842,-0.9912280701754386,-0.49122807017543857,-0.7192982456140351,-0.43859649122807015,-0.49122807017543857,-0.22807017543859648,-0.8333333333333334,-0.30701754385964913,-0.956140350877193,-0.2807017543859649,-0.6228070175438597,-0.23684210526315788,-0.39473684210526316,0.0,-0.8157894736842105,-0.09649122807017543,-0.9035087719298246,-0.08771929824561403,-0.5701754385964912,-0.07017543859649122,-0.35964912280701755,0.22807017543859648,-0.7543859649122807,0.10526315789473684,-0.8508771929824561,0.07894736842105263,-0.6052631578947368,0.08771929824561403,-0.4298245614035088
0,0.0,0.0,-0.39622641509433965,-0.12264150943396226,-0.7075471698113207,-0.42452830188679247,-0.8301886792452831,-0.7735849056603774,-0.6886792452830188,-1.0,-0.5283018867924528,-0.7641509433962265,-0.5471698113207547,-1.0,-0.5,-0.7358490566037735,-0.44339622641509435,-0.5283018867924528,-0.3113207547169811,-0.7830188679245284,-0.3113207547169811,-0.9716981132075472,-0.2641509433962264,-0.6320754716981132,-0.2169811320754717,-0.41509433962264153,-0.10377358490566038,-0.7735849056603774,-0.11320754716981132,-0.9150943396226415,-0.09433962264150944,-0.5943396226415094,-0.08490566037735849,-0.3867924528301887,0.10377358490566038,-0.7358490566037735,0.07547169811320754,-0.8773584905660378,0.05660377358490566,-0.6415094339622641,0.04716981132075472,-0.4811320754716981
0,0.0,0.0,-0.37735849056603776,-0.1320754716981132,-0.6698113207547169,-0.42452830188679247,-0.7735849056603774,-0.7547169811320755,-0.660377358490566,-0.9811320754716981,-0.46226415094339623,-0.7735849056603774,-0.5,-1.0,-0.46226415094339623,-0.7358490566037735,-0.41509433962264153,-0.5188679245283019,-0.24528301886792453,-0.7735849056603774,-0.2830188679245283,-0.9716981132075472,-0.25471698113207547,-0.6415094339622641,-0.20754716981132076,-0.4056603773584906,-0.03773584905660377,-0.7641509433962265,-0.08490566037735849,-0.9056603773584906,-0.08490566037735849,-0.5849056603773585,-0.0660377358490566,-0.36792452830188677,0.16037735849056603,-0.7169811320754716,0.09433962264150944,-0.8679245283018868,0.0660377358490566,-0.6320754716981132,0.05660377358490566,-0.4528301886792453
0,0.0,0.0,-0.37142857142857144,-0.11428571428571428,-0.6952380952380952,-0.4095238095238095,-0.8095238095238095,-0.7619047619047619,-0.6761904761904762,-1.0,-0.5047619047619047,-0.780952380952381,-0.5047619047619047,-0.9904761904761905,-0.45714285714285713,-0.7142857142857143,-0.41904761904761906,-0.5142857142857142,-0.29523809523809524,-0.8,-0.3142857142857143,-1.0,-0.2571428571428571,-0.638095238095238,-0.21904761904761905,-0.44761904761904764,-0.09523809523809523,-0.7904761904761904,-0.10476190476190476,-0.9333333333333333,-0.09523809523809523,-0.580952380952381,-0.08571428571428572,-0.3904761904761905,0.11428571428571428,-0.7428571428571429,0.08571428571428572,-0.8857142857142857,0.05714285714285714,-0.6285714285714286,0.01904761904761905,-0.4666666666666667
0,0.0,0.0,-0.4020618556701031,-0.08247422680412371,-0.7731958762886598,-0.38144329896907214,-0.9278350515463918,-0.7216494845360825,-0.7731958762886598,-0.9175257731958762,-0.5979381443298969,-0.8969072164948454,-0.6082474226804123,-0.865979381443299,-0.5154639175257731,-0.5257731958762887,-0.4639175257731959,-0.4020618556701031,-0.35051546391752575,-0.9896907216494846,-0.35051546391752575,-0.9072164948453608,-0.28865979381443296,-0.5154639175257731,-0.25773195876288657,-0.3917525773195876,-0.09278350515463918,-1.0,-0.09278350515463918,-0.8556701030927835,-0.07216494845360824,-0.5154639175257731,-0.061855670103092786,-0.4020618556701031,0.14432989690721648,-0.9484536082474226,0.13402061855670103,-0.8762886597938144,0.1134020618556701,-0.5979381443298969,0.10309278350515463,-0.5051546391752577
0,0.0,0.0,-0.39603960396039606,-0.13861386138613863,-0.6633663366336634,-0.46534653465346537,-0.7227722772277227,-0.7623762376237624,-0.693069306930693,-1.0,-0.43564356435643564,-0.8415841584158416,-0.5445544554455446,-0.9900990099009901,-0.5247524752475248,-0.7029702970297029,-0.4752475247524752,-0.4752475247524752,-0.21782178217821782,-0.8514851485148515,-0.3465346534653465,-0.9603960396039604,-0.32673267326732675,-0.6138613861386139,-0.25742574257425743,-0.38613861386138615,0.009900990099009901,-0.8316831683168316,-0.12871287128712872,-0.9108910891089109,-0.12871287128712872,-0.5643564356435643,-0.0891089108910891,-0.3564356435643564,0.24752475247524752,-0.7623762376237624,0.09900990099009901,-0.8613861386138614,0.04950495049504951,-0.6039603960396039,0.0594059405940594,-0.43564356435643564
0,0.0,0.0,-0.4574468085106383,-0.0425531914893617,-0.851063829787234,-0.3191489361702128,-1.0,-0.6702127659574468,-0.8723404255319149,-0.8829787234042553,-0.6914893617021277,-0.6382978723404256,-0.7127659574468085,-0.9468085106382979,-0.6276595744680851,-0.7021276595744681,-0.574468085106383,-0.5,-0.4574468085106383,-0.6914893617021277,-0.46808510638297873,-0.9361702127659575,-0.3617021276595745,-0.6170212765957447,-0.3191489361702128,-0.4148936170212766,-0.24468085106382978,-0.7021276595744681,-0.24468085106382978,-0.9042553191489362,-0.1702127659574468,-0.574468085106383,-0.1595744680851064,-0.3617021276595745,-0.0425531914893617,-0.6808510638297872,-0.031914893617021274,-0.8617021276595744,0.0,-0.6276595744680851,-0.010638297872340425,-0.4574468085106383
0,0.0,0.0,-0.41237113402061853,-0.10309278350515463,-0.7422680412371134,-0.422680412371134,-0.8556701030927835,-0.7835051546391752,-0.7319587628865979,-0.9896907216494846,-0.5773195876288659,-0.7319587628865979,-0.5360824742268041,-1.0,-0.4639175257731959,-0.7628865979381443,-0.4329896907216495,-0.5670103092783505,-0.3711340206185567,-0.7422680412371134,-0.29896907216494845,-0.9587628865979382,-0.21649484536082475,-0.6494845360824743,-0.1958762886597938,-0.422680412371134,-0.17525773195876287,-0.7216494845360825,-0.1134020618556701,-0.8762886597938144,-0.07216494845360824,-0.5773195876288659,-0.07216494845360824,-0.35051546391752575,-0.010309278350515464,-0.6701030927835051,0.05154639175257732,-0.7938144329896907,0.061855670103092786,-0.5670103092783505,0.05154639175257732,-0.3917525773195876
0,0.0,0.0,-0.3125,-0.16964285714285715,-0.5,-0.5178571428571429,-0.48214285714285715,-0.8571428571428571,-0.2767857142857143,-1.0,-0.24107142857142858,-0.8303571428571429,-0.17857142857142858,-0.9732142857142857,-0.19642857142857142,-0.7053571428571429,-0.21428571428571427,-0.5089285714285714,-0.03571428571428571,-0.8035714285714286,0.008928571428571428,-0.9196428571428571,-0.026785714285714284,-0.6071428571428571,-0.0625,-0.39285714285714285,0.16071428571428573,-0.75,0.19642857142857142,-0.8035714285714286,0.125,-0.5,0.05357142857142857,-0.30357142857142855,0.3482142857142857,-0.6517857142857143,0.35714285714285715,-0.7232142857142857,0.26785714285714285,-0.49107142857142855,0.17857142857142858,-0.32142857142857145
0,0.0,0.0,-0.37735849056603776,-0.16037735849056603,-0.6320754716981132,-0.5188679245283019,-0.6698113207547169,-0.839622641509434,-0.5283018867924528,-1.0,-0.33962264150943394,-0.8773584905660378,-0.41509433962264153,-0.9622641509433962,-0.42452830188679247,-0.6509433962264151,-0.39622641509433965,-0.5,-0.10377358490566038,-0.8773584905660378,-0.18867924528301888,-0.9339622641509434,-0.2169811320754717,-0.5943396226415094,-0.19811320754716982,-0.4339622641509434,0.12264150943396226,-0.8207547169811321,0.03773584905660377,-0.839622641509434,-0.018867924528301886,-0.5188679245283019,-0.02830188679245283,-0.37735849056603776,0.33962264150943394,-0.7264150943396226,0.25471698113207547,-0.7547169811320755,0.16981132075471697,-0.5188679245283019,0.16037735849056603,-0.4056603773584906
0,0.0,0.0,-0.4411764705882353,-0.1568627450980392,-0.6764705882352942,-0.45098039215686275,-0.7156862745098039,-0.7745098039215687,-0.6568627450980392,-1.0,-0.4803921568627451,-0.7745098039215687,-0.5490196078431373,-1.0,-0.5098039215686274,-0.7450980392156863,-0.45098039215686275,-0.5098039215686274,-0.2647058823529412,-0.7941176470588235,-0.3431372549019608,-0.9705882352941176,-0.3137254901960784,-0.6568627450980392,-0.2549019607843137,-0.4117647058823529,-0.0392156862745098,-0.7941176470588235,-0.14705882352941177,-0.9411764705882353,-0.13725490196078433,-0.6176470588235294,-0.08823529411764706,-0.37254901960784315,0.19607843137254902,-0.7549019607843137,0.058823529411764705,-0.9117647058823529,0.029411764705882353,-0.6764705882352942,0.049019607843137254,-0.4803921568627451
0,0.0,0.0,-0.45098039215686275,-0.0392156862745098,-0.8333333333333334,-0.29411764705882354,-1.0,-0.6568627450980392,-0.8725490196078431,-0.8921568627450981,-0.696078431372549,-0.6078431372549019,-0.7058823529411765,-0.9215686274509803,-0.5980392156862745,-0.6666666666666666,-0.5588235294117647,-0.49019607843137253,-0.49019607843137253,-0.6470588235294118,-0.47058823529411764,-0.9215686274509803,-0.3431372549019608,-0.5980392156862745,-0.3137254901960784,-0.4117647058823529,-0.29411764705882354,-0.6568627450980392,-0.2549019607843137,-0.8725490196078431,-0.16666666666666666,-0.5588235294117647,-0.14705882352941177,-0.35294117647058826,-0.08823529411764706,-0.6470588235294118,-0.058823529411764705,-0.8137254901960784,-0.00980392156862745,-0.5784313725490197,-0.0196078431372549,-0.4215686274509804
0,0.0,0.0,-0.36486486486486486,-0.14864864864864866,-0.5878378378378378,-0.4797297297297297,-0.5945945945945946,-0.7837837837837838,-0.527027027027027,-1.0,-0.35135135135135137,-0.7905405405405406,-0.40540540540540543,-0.9459459459459459,-0.3918918918918919,-0.6891891891891891,-0.3716216216216216,-0.46621621621621623,-0.13513513513513514,-0.7905405405405406,-0.20945945945945946,-0.918918918918919,-0.20945945945945946,-0.5945945945945946,-0.18243243243243243,-0.3716216216216216,0.08783783783783784,-0.75,0.0,-0.8378378378378378,-0.02702702702702703,-0.5202702702702703,-0.02027027027027027,-0.3108108108108108,0.3108108108108108,-0.6756756756756757,0.20945945945945946,-0.7702702702702703,0.14189189189189189,-0.5405405405405406,0.12837837837837837,-0.38513513513513514
0,0.0,0.0,-0.3829787234042553,-0.13297872340425532,-0.6702127659574468,-0.44148936170212766,-0.7659574468085106,-0.7553191489361702,-0.6808510638297872,-0.9893617021276596,-0.5159574468085106,-0.7180851063829787,-0.5531914893617021,-1.0,-0.48936170212765956,-0.7659574468085106,-0.4308510638297872,-0.5585106382978723,-0.30319148936170215,-0.7446808510638298,-0.324468085106383,-0.9680851063829787,-0.26595744680851063,-0.6595744680851063,-0.22340425531914893,-0.4308510638297872,-0.10106382978723404,-0.7393617021276596,-0.12234042553191489,-0.9361702127659575,-0.10106382978723404,-0.6223404255319149,-0.0851063829787234,-0.3882978723404255,0.10106382978723404,-0.7074468085106383,0.06914893617021277,-0.8882978723404256,0.0425531914893617,-0.6702127659574468,0.031914893617021274,-0.48936170212765956
0,0.0,0.0,-0.430939226519337,-0.16574585635359115,-0.7237569060773481,-0.4419889502762431,-0.8287292817679558,-0.7237569060773481,-0.7790055248618785,-0.9281767955801105,-0.6519337016574586,-0.6850828729281768,-0.7071823204419889,-1.0,-0.6685082872928176,-0.8839779005524862,-0.6243093922651933,-0.6906077348066298,-0.43646408839779005,-0.7513812154696132,-0.4530386740331492,-0.988950276243094,-0.3756906077348066,-0.7348066298342542,-0.3259668508287293,-0.5082872928176796,-0.22099447513812154,-0.7734806629834254,-0.24861878453038674,-0.988950276243094,-0.19889502762430938,-0.712707182320442,-0.16574585635359115,-0.48066298342541436,0.0055248618784530384,-0.7734806629834254,-0.04419889502762431,-0.9723756906077348,-0.04419889502762431,-0.7734806629834254,-0.03867403314917127,-0.5966850828729282
0,0.0,0.0,-0.34146341463414637,-0.14634146341463414,-0.5975609756097561,-0.4573170731707317,-0.7073170731707317,-0.725609756097561,-0.6463414634146342,-0.9207317073170732,-0.4146341463414634,-0.975609756097561,-0.6402439024390244,-0.7926829268292683,-0.573170731707317,-0.4878048780487805,-0.47560975609756095,-0.38414634146341464,-0.18902439024390244,-1.0,-0.4146341463414634,-0.676829268292683,-0.36585365853658536,-0.3719512195121951,-0.2804878048780488,-0.31097560975609756,0.024390243902439025,-0.9207317073170732,-0.18292682926829268,-0.5670731707317073,-0.15853658536585366,-0.31097560975609756,-0.08536585365853659,-0.27439024390243905,0.22560975609756098,-0.7865853658536586,0.054878048780487805,-0.5182926829268293,0.024390243902439025,-0.3048780487804878,0.06707317073170732,-0.2682926829268293
0,0.0,0.0,-0.32407407407407407,-0.1388888888888889,-0.5462962962962963,-0.49074074074074076,-0.5740740740740741,-0.8148148148148148,-0.37962962962962965,-0.9629629629629629,-0.25925925925925924,-0.9722222222222222,-0.24074074074074073,-0.8148148148148148,-0.26851851851851855,-0.5370370370370371,-0.2777777777777778,-0.49074074074074076,-0.009259259259259259,-1.0,0.0,-0.7592592592592593,-0.08333333333333333,-0.4537037037037037,-0.09259259259259259,-0.4166666666666667,0.21296296296296297,-0.9351851851851852,0.19444444444444445,-0.6481481481481481,0.08333333333333333,-0.39814814814814814,0.046296296296296294,-0.3888888888888889,0.4074074074074074,-0.8148148148148148,0.37037037037037035,-0.5833333333333334,0.25,-0.37037037037037035,0.18518518518518517,-0.35185185185185186
0,0.0,0.0,-0.4675324675324675,-0.09090909090909091,-0.6623376623376623,-0.3246753246753247,-0.6363636363636364,-0.6103896103896104,-0.4935064935064935,-0.7402597402597403,-0.42857142857142855,-0.6493506493506493,-0.4935064935064935,-0.8961038961038961,-0.5324675324675324,-0.6883116883116883,-0.4805194805194805,-0.4805194805194805,-0.22077922077922077,-0.7012987012987013,-0.35064935064935066,-0.987012987012987,-0.35064935064935066,-0.6233766233766234,-0.2597402597402597,-0.42857142857142855,0.0,-0.7272727272727273,-0.14285714285714285,-1.0,-0.19480519480519481,-0.6363636363636364,-0.09090909090909091,-0.42857142857142855,0.2727272727272727,-0.7532467532467533,0.1038961038961039,-0.987012987012987,0.05194805194805195,-0.7272727272727273,0.11688311688311688,-0.5584415584415584
0,0.0,0.0,-0.2717391304347826,-0.18478260869565216,-0.358695652173913,-0.5108695652173914,-0.33695652173913043,-0.7717391304347826,-0.34782608695652173,-1.0,-0.13043478260869565,-0.7934782608695652,-0.29347826086956524,-0.9565217391304348,-0.32608695652173914,-0.7065217391304348,-0.29347826086956524,-0.4891304347826087,0.021739130434782608,-0.782608695652174,-0.1956521739130435,-0.9130434782608695,-0.21739130434782608,-0.6086956521739131,-0.17391304347826086,-0.3804347826086957,0.1956521739130435,-0.7608695652173914,-0.06521739130434782,-0.8478260869565217,-0.08695652173913043,-0.532608695652174,-0.03260869565217391,-0.30434782608695654,0.391304347826087,-0.6956521739130435,0.13043478260869565,-0.8043478260869565,0.05434782608695652,-0.5869565217391305,0.07608695652173914,-0.41304347826086957
0,0.0,0.0,-0.26666666666666666,-0.1523809523809524,-0.4380952380952381,-0.5047619047619047,-0.42857142857142855,-0.8285714285714286,-0.21904761904761905,-1.0,-0.21904761904761905,-0.8476190476190476,-0.2,-0.9619047619047619,-0.22857142857142856,-0.7047619047619048,-0.24761904761904763,-0.5619047619047619,0.0,-0.819047619047619,0.0,-0.9142857142857143,-0.0761904761904762,-0.580952380952381,-0.10476190476190476,-0.4380952380952381,0.2,-0.7428571428571429,0.20952380952380953,-0.7904761904761904,0.09523809523809523,-0.45714285714285713,0.0380952380952381,-0.3238095238095238,0.4,-0.6190476190476191,0.37142857142857144,-0.6761904761904762,0.24761904761904763,-0.42857142857142855,0.17142857142857143,-0.3142857142857143
0,0.0,0.0,-0.49,0.05,-0.83,-0.12,-1.0,-0.44,-0.98,-0.66,-0.77,-0.44,-0.89,-0.72,-0.76,-0.51,-0.65,-0.33,-0.56,-0.56,-0.68,-0.79,-0.51,-0.5,-0.39,-0.3,-0.35,-0.64,-0.48,-0.84,-0.34,-0.53,-0.22,-0.32,-0.11,-0.7,-0.23,-0.88,-0.17,-0.64,-0.11,-0.47
0,0.0,0.0,-0.2786885245901639,-0.16393442622950818,-0.45081967213114754,-0.5163934426229508,-0.4344262295081967,-0.8442622950819673,-0.23770491803278687,-1.0,-0.16393442622950818,-0.8114754098360656,-0.13934426229508196,-0.9672131147540983,-0.19672131147540983,-0.7131147540983607,-0.22950819672131148,-0.5327868852459017,0.03278688524590164,-0.7622950819672131,0.02459016393442623,-0.9344262295081968,-0.06557377049180328,-0.6147540983606558,-0.09836065573770492,-0.4180327868852459,0.22131147540983606,-0.6885245901639344,0.19672131147540983,-0.7950819672131147,0.08196721311475409,-0.47540983606557374,0.03278688524590164,-0.29508196721311475,0.4016393442622951,-0.5655737704918032,0.36885245901639346,-0.680327868852459,0.23770491803278687,-0.4672131147540984,0.1557377049180328,-0.32786885245901637
0,0.0,0.0,-0.40707964601769914,-0.10619469026548672,-0.7079646017699115,-0.415929203539823,-0.8141592920353983,-0.7522123893805309,-0.7168141592920354,-0.9911504424778761,-0.5132743362831859,-0.7610619469026548,-0.5398230088495575,-1.0,-0.5132743362831859,-0.7168141592920354,-0.46017699115044247,-0.504424778761062,-0.2831858407079646,-0.7699115044247787,-0.30973451327433627,-0.9734513274336283,-0.2743362831858407,-0.6194690265486725,-0.22123893805309736,-0.3893805309734513,-0.07079646017699115,-0.7522123893805309,-0.09734513274336283,-0.911504424778761,-0.09734513274336283,-0.5663716814159292,-0.07079646017699115,-0.336283185840708,0.1504424778761062,-0.6991150442477876,0.10619469026548672,-0.8672566371681416,0.07079646017699115,-0.6194690265486725,0.061946902654867256,-0.45132743362831856
0,0.0,0.0,-0.31092436974789917,-0.19327731092436976,-0.5042016806722689,-0.5378151260504201,-0.5462184873949579,-0.8067226890756303,-0.4789915966386555,-1.0,-0.16806722689075632,-0.9831932773109243,-0.42016806722689076,-0.9327731092436975,-0.44537815126050423,-0.6386554621848739,-0.4117647058823529,-0.44537815126050423,0.03361344537815126,-0.9663865546218487,-0.25210084033613445,-0.8235294117647058,-0.2605042016806723,-0.5042016806722689,-0.226890756302521,-0.3277310924369748,0.2184873949579832,-0.8739495798319328,-0.07563025210084033,-0.6890756302521008,-0.09243697478991597,-0.40336134453781514,-0.058823529411764705,-0.2689075630252101,0.37815126050420167,-0.7226890756302521,0.11764705882352941,-0.5966386554621849,0.07563025210084033,-0.40336134453781514,0.10084033613445378,-0.31932773109243695
0,0.0,0.0,-0.35454545454545455,-0.10909090909090909,-0.6454545454545455,-0.42727272727272725,-0.7272727272727273,-0.7818181818181819,-0.5545454545454546,-1.0,-0.41818181818181815,-0.8090909090909091,-0.37272727272727274,-0.9727272727272728,-0.34545454545454546,-0.6909090909090909,-0.32727272727272727,-0.4818181818181818,-0.20909090909090908,-0.8272727272727273,-0.15454545454545454,-0.9727272727272728,-0.14545454545454545,-0.6090909090909091,-0.12727272727272726,-0.37272727272727274,-0.00909090909090909,-0.8,0.045454545454545456,-0.9,0.00909090909090909,-0.5545454545454546,-0.01818181818181818,-0.32727272727272727,0.17272727272727273,-0.7363636363636363,0.21818181818181817,-0.8545454545454545,0.16363636363636364,-0.6,0.1,-0.4090909090909091
0,0.0,0.0,-0.46956521739130436,-0.034782608695652174,-0.8260869565217391,-0.21739130434782608,-1.0,-0.5130434782608696,-0.9043478260869565,-0.7217391304347827,-0.7130434782608696,-0.5130434782608696,-0.7913043478260869,-0.7913043478260869,-0.6869565217391305,-0.5826086956521739,-0.6173913043478261,-0.40869565217391307,-0.5130434782608696,-0.5739130434782609,-0.5739130434782609,-0.8260869565217391,-0.45217391304347826,-0.5478260869565217,-0.3739130434782609,-0.3652173913043478,-0.3217391304347826,-0.6086956521739131,-0.3652173913043478,-0.8260869565217391,-0.26956521739130435,-0.5478260869565217,-0.21739130434782608,-0.3565217391304348,-0.11304347826086956,-0.6173913043478261,-0.1565217391304348,-0.808695652173913,-0.11304347826086956,-0.6086956521739131,-0.08695652173913043,-0.45217391304347826
0,0.0,0.0,-0.2631578947368421,-0.2631578947368421,-0.2894736842105263,-0.5526315789473685,-0.2631578947368421,-0.7982456140350878,-0.23684210526315788,-1.0,0.03508771929824561,-0.868421052631579,-0.21929824561403508,-0.9912280701754386,-0.2894736842105263,-0.7368421052631579,-0.2543859649122807,-0.5350877192982456,0.16666666666666666,-0.8596491228070176,-0.19298245614035087,-0.9298245614035088,-0.23684210526315788,-0.6403508771929824,-0.18421052631578946,-0.43859649122807015,0.2807017543859649,-0.8070175438596491,-0.12280701754385964,-0.8421052631578947,-0.14035087719298245,-0.5526315789473685,-0.07894736842105263,-0.34210526315789475,0.3684210526315789,-0.7105263157894737,0.008771929824561403,-0.7456140350877193,-0.07894736842105263,-0.5526315789473685,-0.07894736842105263,-0.39473684210526316
0,0.0,0.0,-0.3333333333333333,-0.17117117117117117,-0.5585585585585585,-0.4954954954954955,-0.5945945945945946,-0.7657657657657657,-0.42342342342342343,-0.8828828828828829,-0.2072072072072072,-1.0,-0.40540540540540543,-0.8108108108108109,-0.40540540540540543,-0.5495495495495496,-0.34234234234234234,-0.5405405405405406,0.04504504504504504,-0.972972972972973,-0.16216216216216217,-0.6846846846846847,-0.1981981981981982,-0.42342342342342343,-0.16216216216216217,-0.4144144144144144,0.25225225225225223,-0.8468468468468469,0.04504504504504504,-0.5315315315315315,-0.018018018018018018,-0.3153153153153153,0.02702702702702703,-0.32432432432432434,0.42342342342342343,-0.6756756756756757,0.22522522522522523,-0.4144144144144144,0.15315315315315314,-0.23423423423423423,0.18018018018018017,-0.22522522522522523
0,0.0,0.0,-0.4044943820224719,-0.07865168539325842,-0.651685393258427,-0.449438202247191,-0.6179775280898876,-0.7865168539325843,-0.4606741573033708,-1.0,-0.3258426966292135,-0.7865168539325843,-0.2247191011235955,-1.0,-0.20224719101123595,-0.6741573033707865,-0.21348314606741572,-0.4157303370786517,-0.033707865168539325,-0.7528089887640449,0.011235955056179775,-0.898876404494382,-0.02247191011235955,-0.5393258426966292,-0.0449438202247191,-0.2696629213483146,0.20224719101123595,-0.6629213483146067,0.20224719101123595,-0.6629213483146067,0.14606741573033707,-0.3595505617977528,0.0898876404494382,-0.12359550561797752,0.39325842696629215,-0.5393258426966292,0.38202247191011235,-0.48314606741573035,0.29213483146067415,-0.23595505617977527,0.21348314606741572,-0.07865168539325842
0,0.0,0.0,-0.35294117647058826,-0.13445378151260504,-0.5966386554621849,-0.44537815126050423,-0.6554621848739496,-0.7983193277310925,-0.4957983193277311,-1.0,-0.4117647058823529,-0.7226890756302521,-0.3277310924369748,-0.9747899159663865,-0.31092436974789917,-0.7310924369747899,-0.31092436974789917,-0.5378151260504201,-0.21008403361344538,-0.7058823529411765,-0.13445378151260504,-0.9159663865546218,-0.12605042016806722,-0.6050420168067226,-0.14285714285714285,-0.3949579831932773,-0.04201680672268908,-0.6722689075630253,0.01680672268907563,-0.8235294117647058,-0.008403361344537815,-0.5294117647058824,-0.04201680672268908,-0.3277310924369748,0.11764705882352941,-0.6050420168067226,0.16806722689075632,-0.7310924369747899,0.11764705882352941,-0.5210084033613446,0.058823529411764705,-0.3697478991596639
1,0.0,0.0,-0.21243523316062177,-0.09844559585492228,-0.3471502590673575,-0.31088082901554404,-0.3316062176165803,-0.5181347150259067,-0.22279792746113988,-0.6373056994818653,-0.2849740932642487,-0.47668393782383417,-0.3160621761658031,-0.7150259067357513,-0.30569948186528495,-0.8704663212435233,-0.29533678756476683,-1.0,-0.15025906735751296,-0.47150259067357514,-0.15544041450777202,-0.6062176165803109,-0.13989637305699482,-0.41968911917098445,-0.12953367875647667,-0.2538860103626943,-0.025906735751295335,-0.44559585492227977,-0.03626943005181347,-0.5284974093264249,-0.04145077720207254,-0.33678756476683935,-0.04145077720207254,-0.19689119170984457,0.10362694300518134,-0.40414507772020725,0.06735751295336788,-0.46113989637305697,0.046632124352331605,-0.32642487046632124,0.046632124352331605,-0.22279792746113988
1,0.0,0.0,-0.21875,-0.09375,-0.3489583333333333,-0.3072916666666667,-0.3229166666666667,-0.5208333333333334,-0.21875,-0.6354166666666666,-0.28125,-0.4739583333333333,-0.3125,-0.7135416666666666,-0.3020833333333333,-0.8697916666666666,-0.2916666666666667,-1.0,-0.15104166666666666,-0.46875,-0.14583333333333334,-0.59375,-0.140625,-0.4114583333333333,-0.13020833333333334,-0.25,-0.020833333333333332,-0.4479166666666667,-0.036458333333333336,-0.5208333333333334,-0.041666666666666664,-0.328125,-0.046875,-0.1875,0.10416666666666667,-0.4010416666666667,0.06770833333333333,-0.4479166666666667,0.046875,-0.3072916666666667,0.046875,-0.20833333333333334
1,0.0,0.0,-0.2198952879581152,-0.09947643979057591,-0.35602094240837695,-0.3089005235602094,-0.33507853403141363,-0.518324607329843,-0.225130890052356,-0.6335078534031413,-0.2879581151832461,-0.4816753926701571,-0.3193717277486911,-0.7225130890052356,-0.3193717277486911,-0.8743455497382199,-0.3089005235602094,-1.0,-0.15706806282722513,-0.4712041884816754,-0.1518324607329843,-0.5968586387434555,-0.13612565445026178,-0.41361256544502617,-0.13089005235602094,-0.2513089005235602,-0.02617801047120419,-0.450261780104712,-0.031413612565445025,-0.518324607329843,-0.031413612565445025,-0.3298429319371728,-0.03664921465968586,-0.193717277486911,0.10471204188481675,-0.4083769633507853,0.07853403141361257,-0.45549738219895286,0.06282722513089005,-0.3193717277486911,0.05235602094240838,-0.2198952879581152
1,0.0,0.0,-0.21808510638297873,-0.0851063829787234,-0.3617021276595745,-0.2925531914893617,-0.35106382978723405,-0.5053191489361702,-0.23404255319148937,-0.6170212765957447,-0.2925531914893617,-0.4734042553191489,-0.3191489361702128,-0.7180851063829787,-0.30851063829787234,-0.8670212765957447,-0.2978723404255319,-1.0,-0.1595744680851064,-0.46808510638297873,-0.15425531914893617,-0.574468085106383,-0.1276595744680851,-0.39361702127659576,-0.11702127659574468,-0.23404255319148937,-0.031914893617021274,-0.44680851063829785,-0.031914893617021274,-0.5159574468085106,-0.026595744680851064,-0.324468085106383,-0.031914893617021274,-0.19148936170212766,0.09574468085106383,-0.4095744680851064,0.0797872340425532,-0.4574468085106383,0.06914893617021277,-0.3191489361702128,0.06382978723404255,-0.21808510638297873
1,0.0,0.0,-0.22404371584699453,-0.03825136612021858,-0.41530054644808745,-0.22404371584699453,-0.41530054644808745,-0.4426229508196721,-0.29508196721311475,-0.546448087431694,-0.3551912568306011,-0.45901639344262296,-0.41530054644808745,-0.7103825136612022,-0.43169398907103823,-0.8633879781420765,-0.4426229508196721,-1.0,-0.21311475409836064,-0.46994535519125685,-0.18032786885245902,-0.6284153005464481,-0.14207650273224043,-0.43169398907103823,-0.13114754098360656,-0.2677595628415301,-0.08196721311475409,-0.45901639344262296,-0.04918032786885246,-0.5628415300546448,-0.04371584699453552,-0.366120218579235,-0.0546448087431694,-0.22404371584699453,0.03825136612021858,-0.4262295081967213,0.06557377049180328,-0.5191256830601093,0.0546448087431694,-0.3770491803278688,0.03278688524590164,-0.2677595628415301
1,0.0,0.0,-0.22905027932960895,-0.027932960893854747,-0.41899441340782123,-0.19553072625698323,-0.4860335195530726,-0.36312849162011174,-0.44692737430167595,-0.4692737430167598,-0.3854748603351955,-0.49162011173184356,-0.5027932960893855,-0.7206703910614525,-0.5754189944134078,-0.8659217877094972,-0.6368715083798883,-1.0,-0.2346368715083799,-0.5418994413407822,-0.329608938547486,-0.5698324022346368,-0.2849162011173184,-0.35195530726256985,-0.22905027932960895,-0.22346368715083798,-0.0893854748603352,-0.5418994413407822,-0.18435754189944134,-0.5195530726256983,-0.15083798882681565,-0.3128491620111732,-0.1005586592178771,-0.20670391061452514,0.061452513966480445,-0.5083798882681564,-0.0335195530726257,-0.4972067039106145,-0.03910614525139665,-0.3407821229050279,-0.0111731843575419,-0.26256983240223464
1,0.0,0.0,-0.16748768472906403,-0.12315270935960591,-0.2413793103448276,-0.33004926108374383,-0.2019704433497537,-0.4827586206896552,-0.11330049261083744,-0.541871921182266,-0.04926108374384237,-0.5369458128078818,0.024630541871921183,-0.7586206896551724,0.08866995073891626,-0.8916256157635468,0.14285714285714285,-1.0,0.08374384236453201,-0.4975369458128079,0.029556650246305417,-0.5615763546798029,-0.04433497536945813,-0.39408866995073893,-0.07881773399014778,-0.26108374384236455,0.1921182266009852,-0.43349753694581283,0.11330049261083744,-0.45320197044334976,0.034482758620689655,-0.2955665024630542,0.0,-0.18719211822660098,0.2955665024630542,-0.3448275862068966,0.21674876847290642,-0.3793103448275862,0.12807881773399016,-0.270935960591133,0.08866995073891626,-0.1921182266009852
1,0.0,0.0,-0.2611111111111111,-0.10555555555555556,-0.42777777777777776,-0.3388888888888889,-0.37777777777777777,-0.5666666666666667,-0.2222222222222222,-0.6444444444444445,-0.3333333333333333,-0.5277777777777778,-0.3333333333333333,-0.7444444444444445,-0.3,-0.8777777777777778,-0.2611111111111111,-1.0,-0.17222222222222222,-0.5166666666666667,-0.1111111111111111,-0.7,-0.11666666666666667,-0.5,-0.14444444444444443,-0.34444444444444444,-0.027777777777777776,-0.48333333333333334,0.027777777777777776,-0.6111111111111112,0.0,-0.40555555555555556,-0.03888888888888889,-0.26666666666666666,0.10555555555555556,-0.42777777777777776,0.15,-0.5222222222222223,0.1111111111111111,-0.38333333333333336,0.06666666666666667,-0.2777777777777778
1,0.0,0.0,-0.2571428571428571,0.05,-0.5214285714285715,-0.1,-0.5928571428571429,-0.32857142857142857,-0.4714285714285714,-0.4928571428571429,-0.42142857142857143,-0.39285714285714285,-0.5071428571428571,-0.6428571428571429,-0.5714285714285714,-0.8428571428571429,-0.6071428571428571,-1.0,-0.22857142857142856,-0.4642857142857143,-0.32142857142857145,-0.6571428571428571,-0.2642857142857143,-0.37857142857142856,-0.19285714285714287,-0.18571428571428572,-0.03571428571428571,-0.4714285714285714,-0.11428571428571428,-0.6,-0.07142857142857142,-0.30714285714285716,-0.02142857142857143,-0.14285714285714285,0.17142857142857143,-0.45,0.09285714285714286,-0.5357142857142857,0.10714285714285714,-0.32142857142857145,0.12857142857142856,-0.18571428571428572
1,0.0,0.0,-0.2742857142857143,-0.017142857142857144,-0.49714285714285716,-0.18857142857142858,-0.5485714285714286,-0.41714285714285715,-0.4514285714285714,-0.5428571428571428,-0.44,-0.4514285714285714,-0.5257142857142857,-0.7028571428571428,-0.5657142857142857,-0.8628571428571429,-0.5942857142857143,-1.0,-0.2857142857142857,-0.4857142857142857,-0.3485714285714286,-0.6571428571428571,-0.2914285714285714,-0.45714285714285713,-0.2342857142857143,-0.2857142857142857,-0.13142857142857142,-0.49142857142857144,-0.18285714285714286,-0.6057142857142858,-0.14285714285714285,-0.38857142857142857,-0.10857142857142857,-0.2342857142857143,0.03428571428571429,-0.4742857142857143,-0.017142857142857144,-0.5714285714285714,-0.017142857142857144,-0.4057142857142857,-0.005714285714285714,-0.28
1,0.0,0.0,-0.24431818181818182,0.0,-0.48863636363636365,-0.1590909090909091,-0.5454545454545454,-0.36363636363636365,-0.4602272727272727,-0.48863636363636365,-0.4602272727272727,-0.45454545454545453,-0.625,-0.7102272727272727,-0.7102272727272727,-0.8693181818181818,-0.7840909090909091,-1.0,-0.30113636363636365,-0.5056818181818182,-0.3693181818181818,-0.5738636363636364,-0.2840909090909091,-0.36363636363636365,-0.2159090909090909,-0.2159090909090909,-0.14204545454545456,-0.5227272727272727,-0.2159090909090909,-0.5511363636363636,-0.1534090909090909,-0.3522727272727273,-0.10795454545454546,-0.2215909090909091,0.011363636363636364,-0.5113636363636364,-0.056818181818181816,-0.5340909090909091,-0.03977272727272727,-0.375,-0.011363636363636364,-0.2727272727272727
1,0.0,0.0,-0.1917808219178082,-0.0867579908675799,-0.3059360730593607,-0.2831050228310502,-0.2648401826484018,-0.45662100456621,-0.1506849315068493,-0.5342465753424658,-0.182648401826484,-0.5068493150684932,-0.1643835616438356,-0.7397260273972602,-0.1278538812785388,-0.8812785388127854,-0.0958904109589041,-1.0,-0.0502283105022831,-0.4794520547945205,-0.0228310502283105,-0.5707762557077626,-0.0410958904109589,-0.3835616438356164,-0.0593607305936073,-0.2465753424657534,0.0730593607305936,-0.4337899543378995,0.0867579908675799,-0.4748858447488584,0.045662100456621,-0.3013698630136986,0.0136986301369863,-0.1963470319634703,0.1872146118721461,-0.365296803652968,0.1963470319634703,-0.4063926940639269,0.1415525114155251,-0.2876712328767123,0.0958904109589041,-0.2146118721461187
1,0.0,0.0,-0.18660287081339713,-0.11004784688995216,-0.2535885167464115,-0.3349282296650718,-0.18181818181818182,-0.5119617224880383,-0.06698564593301436,-0.569377990430622,-0.07655502392344497,-0.5358851674641149,0.014354066985645933,-0.7655502392344498,0.09569377990430622,-0.8947368421052632,0.16267942583732056,-1.0,0.05263157894736842,-0.47368421052631576,0.0861244019138756,-0.5789473684210527,0.009569377990430622,-0.40669856459330145,-0.04784688995215311,-0.2631578947368421,0.16267942583732056,-0.4019138755980861,0.1722488038277512,-0.45933014354066987,0.08133971291866028,-0.2966507177033493,0.019138755980861243,-0.18660287081339713,0.2631578947368421,-0.3157894736842105,0.2583732057416268,-0.36363636363636365,0.1722488038277512,-0.24880382775119617,0.11004784688995216,-0.17703349282296652
1,0.0,0.0,-0.19907407407407407,-0.08796296296296297,-0.3101851851851852,-0.2962962962962963,-0.27314814814814814,-0.48148148148148145,-0.1527777777777778,-0.5648148148148148,-0.18518518518518517,-0.5,-0.17592592592592593,-0.7361111111111112,-0.1527777777777778,-0.8796296296296297,-0.12962962962962962,-1.0,-0.05555555555555555,-0.4722222222222222,-0.037037037037037035,-0.5972222222222222,-0.06018518518518518,-0.4166666666666667,-0.0787037037037037,-0.26851851851851855,0.06481481481481481,-0.42592592592592593,0.07407407407407407,-0.49074074074074076,0.027777777777777776,-0.3101851851851852,-0.009259259259259259,-0.19444444444444445,0.18055555555555555,-0.3611111111111111,0.18518518518518517,-0.42592592592592593,0.125,-0.2962962962962963,0.08333333333333333,-0.21296296296296297
1,0.0,0.0,-0.2119815668202765,-0.06912442396313365,-0.3548387096774194,-0.2626728110599078,-0.3317972350230415,-0.45622119815668205,-0.22580645161290322,-0.5483870967741935,-0.271889400921659,-0.4792626728110599,-0.31797235023041476,-0.7235023041474654,-0.3271889400921659,-0.8709677419354839,-0.3317972350230415,-1.0,-0.1336405529953917,-0.4792626728110599,-0.1152073732718894,-0.5990783410138248,-0.0967741935483871,-0.41013824884792627,-0.0967741935483871,-0.25806451612903225,-0.004608294930875576,-0.45622119815668205,0.013824884792626729,-0.5253456221198156,0.0,-0.34101382488479265,-0.018433179723502304,-0.2073732718894009,0.12442396313364056,-0.4055299539170507,0.1336405529953917,-0.4700460829493088,0.0967741935483871,-0.33640552995391704,0.059907834101382486,-0.2350230414746544
1,0.0,0.0,-0.2171945701357466,-0.07239819004524888,-0.37104072398190047,-0.2579185520361991,-0.35294117647058826,-0.45248868778280543,-0.23076923076923078,-0.5384615384615384,-0.2986425339366516,-0.4751131221719457,-0.3574660633484163,-0.7194570135746606,-0.38009049773755654,-0.8687782805429864,-0.39819004524886875,-1.0,-0.1583710407239819,-0.4751131221719457,-0.14479638009049775,-0.5972850678733032,-0.13122171945701358,-0.4117647058823529,-0.13122171945701358,-0.27149321266968324,-0.03167420814479638,-0.45248868778280543,-0.01809954751131222,-0.5294117647058824,-0.03167420814479638,-0.34841628959276016,-0.049773755656108594,-0.22624434389140272,0.09954751131221719,-0.40271493212669685,0.1085972850678733,-0.47058823529411764,0.06334841628959276,-0.3393665158371041,0.03167420814479638,-0.248868778280543
1,0.0,0.0,-0.18061674008810572,-0.09251101321585903,-0.2907488986784141,-0.2775330396475771,-0.2511013215859031,-0.42731277533039647,-0.14537444933920704,-0.4977973568281938,-0.16740088105726872,-0.4933920704845815,-0.16299559471365638,-0.73568281938326,-0.14977973568281938,-0.8766519823788547,-0.13215859030837004,-1.0,-0.02643171806167401,-0.4713656387665198,-0.013215859030837005,-0.5286343612334802,-0.03524229074889868,-0.3436123348017621,-0.06167400881057269,-0.22026431718061673,0.09251101321585903,-0.42290748898678415,0.1013215859030837,-0.44052863436123346,0.05286343612334802,-0.2687224669603524,0.01762114537444934,-0.18061674008810572,0.2026431718061674,-0.3568281938325991,0.21585903083700442,-0.3744493392070485,0.14977973568281938,-0.2511013215859031,0.09691629955947137,-0.1894273127753304
1,0.0,0.0,-0.18226600985221675,-0.07389162561576355,-0.30049261083743845,-0.2660098522167488,-0.26108374384236455,-0.43842364532019706,-0.1330049261083744,-0.5073891625615764,-0.17733990147783252,-0.4975369458128079,-0.17733990147783252,-0.7339901477832512,-0.15763546798029557,-0.8768472906403941,-0.14285714285714285,-1.0,-0.03940886699507389,-0.4729064039408867,-0.029556650246305417,-0.5517241379310345,-0.054187192118226604,-0.3694581280788177,-0.07389162561576355,-0.2512315270935961,0.08374384236453201,-0.4236453201970443,0.07881773399014778,-0.45320197044334976,0.034482758620689655,-0.2857142857142857,0.009852216748768473,-0.19704433497536947,0.2019704433497537,-0.35467980295566504,0.1921182266009852,-0.3842364532019704,0.12807881773399016,-0.2660098522167488,0.08374384236453201,-0.19704433497536947
1,0.0,0.0,-0.2,-0.07,-0.34,-0.265,-0.295,-0.45,-0.17,-0.525,-0.245,-0.495,-0.27,-0.735,-0.27,-0.88,-0.265,-1.0,-0.11,-0.48,-0.075,-0.59,-0.075,-0.41,-0.085,-0.265,0.01,-0.445,0.03,-0.5,0.005,-0.325,-0.015,-0.21,0.13,-0.39,0.135,-0.435,0.09,-0.305,0.06,-0.22
1,0.0,0.0,-0.17560975609756097,-0.07804878048780488,-0.2731707317073171,-0.2780487804878049,-0.21951219512195122,-0.44390243902439025,-0.0975609756097561,-0.4975609756097561,-0.12195121951219512,-0.4975609756097561,-0.07317073170731707,-0.7365853658536585,-0.024390243902439025,-0.8780487804878049,0.014634146341463415,-1.0,0.014634146341463415,-0.47317073170731705,0.04390243902439024,-0.5170731707317073,-0.00975609756097561,-0.33658536585365856,-0.05365853658536585,-0.22926829268292684,0.12682926829268293,-0.4195121951219512,0.14634146341463414,-0.4195121951219512,0.07804878048780488,-0.2634146341463415,0.024390243902439025,-0.1902439024390244,0.22926829268292684,-0.35121951219512193,0.24390243902439024,-0.34146341463414637,0.16585365853658537,-0.22439024390243903,0.11219512195121951,-0.17560975609756097
1,0.0,0.0,-0.195,-0.065,-0.33,-0.255,-0.31,-0.435,-0.195,-0.52,-0.23,-0.49,-0.26,-0.73,-0.26,-0.88,-0.265,-1.0,-0.095,-0.475,-0.1,-0.57,-0.105,-0.39,-0.11,-0.25,0.03,-0.435,0.01,-0.475,-0.02,-0.3,-0.03,-0.19,0.155,-0.375,0.125,-0.415,0.07,-0.285,0.045,-0.205
1,0.0,0.0,-0.21243523316062177,-0.07253886010362694,-0.3626943005181347,-0.27979274611398963,-0.32642487046632124,-0.49222797927461137,-0.18652849740932642,-0.5751295336787565,-0.2849740932642487,-0.5025906735751295,-0.33678756476683935,-0.7357512953367875,-0.3471502590673575,-0.8808290155440415,-0.3471502590673575,-1.0,-0.14507772020725387,-0.49740932642487046,-0.11398963730569948,-0.6476683937823834,-0.11917098445595854,-0.46113989637305697,-0.12953367875647667,-0.30569948186528495,-0.015544041450777202,-0.47150259067357514,0.010362694300518135,-0.5544041450777202,-0.02072538860103627,-0.36787564766839376,-0.04145077720207254,-0.23834196891191708,0.10880829015544041,-0.41968911917098445,0.11398963730569948,-0.48186528497409326,0.06735751295336788,-0.3471502590673575,0.04145077720207254,-0.24870466321243523
1,0.0,0.0,-0.17777777777777778,-0.07555555555555556,-0.29777777777777775,-0.2577777777777778,-0.26666666666666666,-0.4222222222222222,-0.14222222222222222,-0.47555555555555556,-0.17333333333333334,-0.4888888888888889,-0.17777777777777778,-0.7333333333333333,-0.16444444444444445,-0.8755555555555555,-0.14666666666666667,-1.0,-0.035555555555555556,-0.4622222222222222,-0.03111111111111111,-0.5511111111111111,-0.05333333333333334,-0.36444444444444446,-0.07111111111111111,-0.24444444444444444,0.08888888888888889,-0.41333333333333333,0.08,-0.4533333333333333,0.035555555555555556,-0.28444444444444444,0.013333333333333334,-0.19111111111111112,0.20444444444444446,-0.3422222222222222,0.19555555555555557,-0.38666666666666666,0.13333333333333333,-0.26222222222222225,0.08888888888888889,-0.19111111111111112
1,0.0,0.0,-0.17592592592592593,-0.08024691358024691,-0.2962962962962963,-0.25617283950617287,-0.2777777777777778,-0.41975308641975306,-0.16666666666666666,-0.49382716049382713,-0.19753086419753085,-0.49691358024691357,-0.21296296296296297,-0.7314814814814815,-0.20679012345679013,-0.8765432098765432,-0.2006172839506173,-1.0,-0.06172839506172839,-0.4845679012345679,-0.046296296296296294,-0.5462962962962963,-0.05246913580246913,-0.35802469135802467,-0.06790123456790123,-0.2222222222222222,0.06172839506172839,-0.4444444444444444,0.08024691358024691,-0.4567901234567901,0.043209876543209874,-0.2777777777777778,0.0030864197530864196,-0.1697530864197531,0.17592592592592593,-0.38271604938271603,0.19444444444444445,-0.4012345679012346,0.1388888888888889,-0.26851851851851855,0.08641975308641975,-0.1882716049382716
1,0.0,0.0,-0.1617161716171617,-0.09570957095709572,-0.2739273927392739,-0.26732673267326734,-0.23432343234323433,-0.41254125412541254,-0.1188118811881188,-0.46864686468646866,-0.16501650165016502,-0.5115511551155115,-0.15841584158415842,-0.7425742574257426,-0.13861386138613863,-0.8745874587458746,-0.1188118811881188,-1.0,-0.033003300330033,-0.49834983498349833,0.009900990099009901,-0.5214521452145214,-0.013201320132013201,-0.33663366336633666,-0.0429042904290429,-0.22772277227722773,0.08250825082508251,-0.45544554455445546,0.10891089108910891,-0.43234323432343236,0.056105610561056105,-0.2739273927392739,0.013201320132013201,-0.19801980198019803,0.18811881188118812,-0.38943894389438943,0.21122112211221122,-0.35973597359735976,0.13861386138613863,-0.24752475247524752,0.07590759075907591,-0.19801980198019803
1,0.0,0.0,-0.1875,-0.06770833333333333,-0.3125,-0.2552083333333333,-0.28125,-0.4322916666666667,-0.16145833333333334,-0.5052083333333334,-0.19791666666666666,-0.4947916666666667,-0.19791666666666666,-0.7395833333333334,-0.18229166666666666,-0.8802083333333334,-0.16666666666666666,-1.0,-0.057291666666666664,-0.4791666666666667,-0.036458333333333336,-0.5416666666666666,-0.052083333333333336,-0.3645833333333333,-0.078125,-0.23958333333333334,0.0625,-0.4427083333333333,0.06770833333333333,-0.453125,0.026041666666666668,-0.2916666666666667,-0.005208333333333333,-0.19791666666666666,0.17708333333333334,-0.3802083333333333,0.171875,-0.3802083333333333,0.11458333333333333,-0.2604166666666667,0.078125,-0.19791666666666666
1,0.0,0.0,-0.19393939393939394,-0.048484848484848485,-0.34545454545454546,-0.22424242424242424,-0.3393939393939394,-0.4,-0.22424242424242424,-0.4727272727272727,-0.24848484848484848,-0.47878787878787876,-0.2787878787878788,-0.7272727272727273,-0.28484848484848485,-0.8727272727272727,-0.28484848484848485,-1.0,-0.10909090909090909,-0.47878787878787876,-0.12121212121212122,-0.5272727272727272,-0.12121212121212122,-0.34545454545454546,-0.11515151515151516,-0.23636363636363636,0.01818181818181818,-0.4484848484848485,0.0,-0.45454545454545453,-0.01818181818181818,-0.2909090909090909,-0.024242424242424242,-0.21212121212121213,0.14545454545454545,-0.4,0.12121212121212122,-0.4,0.07878787878787878,-0.2787878787878788,0.06666666666666667,-0.22424242424242424
1,0.0,0.0,-0.1927710843373494,-0.05421686746987952,-0.3493975903614458,-0.21686746987951808,-0.35542168674698793,-0.3674698795180723,-0.23493975903614459,-0.4036144578313253,-0.26506024096385544,-0.5120481927710844,-0.28313253012048195,-0.7289156626506024,-0.2891566265060241,-0.8734939759036144,-0.28313253012048195,-1.0,-0.1144578313253012,-0.5481927710843374,-0.13253012048192772,-0.4819277108433735,-0.14457831325301204,-0.30120481927710846,-0.13855421686746988,-0.21686746987951808,0.030120481927710843,-0.5240963855421686,0.006024096385542169,-0.40963855421686746,-0.024096385542168676,-0.25301204819277107,-0.03614457831325301,-0.20481927710843373,0.16265060240963855,-0.463855421686747,0.13253012048192772,-0.3674698795180723,0.09036144578313253,-0.24096385542168675,0.0783132530120482,-0.20481927710843373
1,0.0,0.0,-0.175,-0.06666666666666667,-0.2875,-0.24583333333333332,-0.21666666666666667,-0.36666666666666664,-0.08333333333333333,-0.4,-0.15,-0.5083333333333333,-0.12083333333333333,-0.7291666666666666,-0.08333333333333333,-0.8708333333333333,-0.041666666666666664,-1.0,-0.0125,-0.5125,0.03333333333333333,-0.4583333333333333,-0.020833333333333332,-0.2833333333333333,-0.058333333333333334,-0.20833333333333334,0.10833333333333334,-0.475,0.1375,-0.3875,0.06666666666666667,-0.24583333333333332,0.025,-0.20416666666666666,0.22083333333333333,-0.4125,0.2375,-0.3375,0.15833333333333333,-0.225,0.10416666666666667,-0.19166666666666668
1,0.0,0.0,-0.17254901960784313,-0.050980392156862744,-0.3137254901960784,-0.20784313725490197,-0.2901960784313726,-0.3607843137254902,-0.1843137254901961,-0.44313725490196076,-0.23137254901960785,-0.49019607843137253,-0.25098039215686274,-0.7254901960784313,-0.24313725490196078,-0.8705882352941177,-0.23137254901960785,-1.0,-0.10196078431372549,-0.5058823529411764,-0.054901960784313725,-0.5058823529411764,-0.06666666666666667,-0.3254901960784314,-0.09411764705882353,-0.21568627450980393,0.023529411764705882,-0.47843137254901963,0.058823529411764705,-0.44313725490196076,0.0196078431372549,-0.2784313725490196,-0.01568627450980392,-0.19607843137254902,0.1411764705882353,-0.42745098039215684,0.16862745098039217,-0.403921568627451,0.10980392156862745,-0.27058823529411763,0.058823529411764705,-0.2
2,0.0,0.0,-0.1482889733840304,-0.12167300380228137,-0.17870722433460076,-0.3269961977186312,-0.049429657794676805,-0.4600760456273764,0.07604562737642585,-0.5095057034220533,-0.20152091254752852,-0.5209125475285171,-0.25475285171102663,-0.7224334600760456,-0.2889733840304182,-0.8479087452471483,-0.311787072243346,-0.9581749049429658,-0.07604562737642585,-0.5095057034220533,-0.0076045627376425855,-0.7414448669201521,0.049429657794676805,-0.8859315589353612,0.11406844106463879,-1.0,0.034220532319391636,-0.4372623574144487,0.10266159695817491,-0.4866920152091255,0.03802281368821293,-0.34220532319391633,-0.0038022813688212928,-0.25475285171102663,0.11787072243346007,-0.34600760456273766,0.1444866920152091,-0.39923954372623577,0.09125475285171103,-0.28517110266159695,0.049429657794676805,-0.20532319391634982
2,0.0,0.0,-0.15611814345991562,-0.11392405063291139,-0.19831223628691982,-0.31645569620253167,-0.06751054852320675,-0.45569620253164556,0.05485232067510549,-0.5147679324894515,-0.22362869198312235,-0.5232067510548524,-0.28270042194092826,-0.7215189873417721,-0.31223628691983124,-0.8438818565400844,-0.33755274261603374,-0.9493670886075949,-0.09282700421940929,-0.510548523206751,-0.03375527426160337,-0.7426160337552743,0.012658227848101266,-0.890295358649789,0.06329113924050633,-1.0,0.016877637130801686,-0.4430379746835443,0.07172995780590717,-0.4978902953586498,0.012658227848101266,-0.35864978902953587,-0.029535864978902954,-0.27848101265822783,0.0970464135021097,-0.35443037974683544,0.12236286919831224,-0.4050632911392405,0.06751054852320675,-0.29535864978902954,0.02531645569620253,-0.22362869198312235
2,0.0,0.0,-0.15865384615384615,-0.11538461538461539,-0.20192307692307693,-0.3173076923076923,-0.07692307692307693,-0.4519230769230769,0.038461538461538464,-0.4951923076923077,-0.22596153846153846,-0.5144230769230769,-0.2932692307692308,-0.7211538461538461,-0.3317307692307692,-0.8461538461538461,-0.3557692307692308,-0.9519230769230769,-0.09615384615384616,-0.5048076923076923,-0.04326923076923077,-0.7403846153846154,0.0,-0.8894230769230769,0.04807692307692308,-1.0,0.009615384615384616,-0.4375,0.0625,-0.4855769230769231,0.009615384615384616,-0.34134615384615385,-0.028846153846153848,-0.2644230769230769,0.09615384615384616,-0.35096153846153844,0.11538461538461539,-0.3942307692307692,0.0673076923076923,-0.28365384615384615,0.02403846153846154,-0.21153846153846154
2,0.0,0.0,-0.1625615763546798,-0.10344827586206896,-0.21182266009852216,-0.3054187192118227,-0.09359605911330049,-0.4433497536945813,0.034482758620689655,-0.47783251231527096,-0.22167487684729065,-0.5073891625615764,-0.2857142857142857,-0.7192118226600985,-0.32019704433497537,-0.8472906403940886,-0.3448275862068966,-0.9556650246305419,-0.08866995073891626,-0.4975369458128079,-0.029556650246305417,-0.7339901477832512,0.019704433497536946,-0.8817733990147784,0.07389162561576355,-1.0,0.024630541871921183,-0.42857142857142855,0.06403940886699508,-0.4827586206896552,0.0,-0.33497536945812806,-0.034482758620689655,-0.24630541871921183,0.11330049261083744,-0.33004926108374383,0.11822660098522167,-0.3793103448275862,0.06403940886699508,-0.2660098522167488,0.024630541871921183,-0.1921182266009852
2,0.0,0.0,-0.15948275862068967,-0.09913793103448276,-0.1939655172413793,-0.29310344827586204,-0.05172413793103448,-0.41810344827586204,0.08189655172413793,-0.4525862068965517,-0.19827586206896552,-0.5086206896551724,-0.25,-0.7198275862068966,-0.2801724137931034,-0.8620689655172413,-0.29310344827586204,-0.9827586206896551,-0.0603448275862069,-0.5,0.021551724137931036,-0.728448275862069,0.09051724137931035,-0.8793103448275862,0.16379310344827586,-1.0,0.05172413793103448,-0.4267241379310345,0.1206896551724138,-0.46120689655172414,0.04741379310344827,-0.2974137931034483,-0.004310344827586207,-0.21120689655172414,0.13793103448275862,-0.33189655172413796,0.1724137931034483,-0.3620689655172414,0.11206896551724138,-0.2413793103448276,0.05172413793103448,-0.16810344827586207
2,0.0,0.0,-0.14986376021798364,-0.11171662125340599,-0.18528610354223432,-0.30517711171662126,-0.05449591280653951,-0.4332425068119891,0.07356948228882834,-0.47956403269754766,-0.19618528610354224,-0.5122615803814714,-0.25885558583106266,-0.7193460490463215,-0.29155313351498635,-0.8501362397820164,-0.3133514986376022,-0.9618528610354223,-0.0681198910081744,-0.5013623978201635,0.0027247956403269754,-0.7302452316076294,0.05449591280653951,-0.8801089918256131,0.11171662125340599,-1.0,0.04087193460490463,-0.4359673024523161,0.10354223433242507,-0.47411444141689374,0.035422343324250684,-0.3215258855585831,-0.0027247956403269754,-0.23433242506811988,0.12534059945504086,-0.3460490463215259,0.1553133514986376,-0.3896457765667575,0.09536784741144415,-0.2724795640326976,0.051771117166212535,-0.19618528610354224
2,0.0,0.0,-0.15013404825737264,-0.10723860589812333,-0.20107238605898123,-0.2949061662198391,-0.08042895442359249,-0.42359249329758714,0.04289544235924933,-0.45308310991957107,-0.22788203753351208,-0.4932975871313673,-0.3109919571045576,-0.7024128686327078,-0.353887399463807,-0.8337801608579088,-0.38605898123324395,-0.9463806970509383,-0.09651474530831099,-0.4932975871313673,-0.045576407506702415,-0.7238605898123325,-0.005361930294906166,-0.8793565683646113,0.04289544235924933,-1.0,0.005361930294906166,-0.43699731903485256,0.05361930294906166,-0.4691689008042895,0.010723860589812333,-0.3324396782841823,-0.0160857908847185,-0.2546916890080429,0.0938337801608579,-0.3512064343163539,0.11796246648793565,-0.3967828418230563,0.07506702412868632,-0.30294906166219837,0.04289544235924933,-0.23056300268096513
2,0.0,0.0,-0.1715686274509804,-0.10784313725490197,-0.23039215686274508,-0.30392156862745096,-0.11274509803921569,-0.4362745098039216,0.00980392156862745,-0.4803921568627451,-0.25,-0.5098039215686274,-0.3284313725490196,-0.7107843137254902,-0.36764705882352944,-0.8284313725490197,-0.39215686274509803,-0.9264705882352942,-0.12254901960784313,-0.5049019607843137,-0.08823529411764706,-0.7401960784313726,-0.058823529411764705,-0.8872549019607843,-0.024509803921568627,-1.0,-0.014705882352941176,-0.4411764705882353,0.0196078431372549,-0.4852941176470588,-0.03431372549019608,-0.3480392156862745,-0.058823529411764705,-0.2696078431372549,0.07352941176470588,-0.35294117647058826,0.0784313725490196,-0.3872549019607843,0.029411764705882353,-0.28431372549019607,0.0,-0.22549019607843138
2,0.0,0.0,-0.18269230769230768,-0.057692307692307696,-0.3125,-0.22596153846153846,-0.2548076923076923,-0.3894230769230769,-0.14903846153846154,-0.47115384615384615,-0.3894230769230769,-0.4375,-0.5336538461538461,-0.6105769230769231,-0.6201923076923077,-0.7259615384615384,-0.6875,-0.8221153846153846,-0.25961538461538464,-0.47115384615384615,-0.2980769230769231,-0.7115384615384616,-0.3076923076923077,-0.8701923076923077,-0.30288461538461536,-1.0,-0.125,-0.4423076923076923,-0.10576923076923077,-0.4951923076923077,-0.11538461538461539,-0.3317307692307692,-0.11057692307692307,-0.23076923076923078,-0.004807692307692308,-0.3798076923076923,-0.019230769230769232,-0.42788461538461536,-0.03365384615384615,-0.2980769230769231,-0.03365384615384615,-0.20673076923076922
2,0.0,0.0,-0.18660287081339713,-0.04784688995215311,-0.2966507177033493,-0.20095693779904306,-0.20574162679425836,-0.3349282296650718,-0.0861244019138756,-0.41148325358851673,-0.3397129186602871,-0.4354066985645933,-0.4880382775119617,-0.6076555023923444,-0.5741626794258373,-0.722488038277512,-0.6507177033492823,-0.8277511961722488,-0.20095693779904306,-0.48325358851674644,-0.22966507177033493,-0.7177033492822966,-0.22488038277511962,-0.8660287081339713,-0.20574162679425836,-1.0,-0.05741626794258373,-0.45933014354066987,-0.04784688995215311,-0.46411483253588515,-0.07177033492822966,-0.2966507177033493,-0.0861244019138756,-0.20574162679425836,0.07177033492822966,-0.4019138755980861,0.05741626794258373,-0.3923444976076555,0.019138755980861243,-0.2631578947368421,-0.004784688995215311,-0.18660287081339713
2,0.0,0.0,-0.14859437751004015,-0.10843373493975904,-0.17670682730923695,-0.3092369477911647,-0.040160642570281124,-0.40562248995983935,0.11244979919678715,-0.40963855421686746,-0.0963855421686747,-0.5100401606425703,-0.11646586345381527,-0.7309236947791165,-0.12048192771084337,-0.8755020080321285,-0.12449799196787148,-1.0,0.04417670682730924,-0.4859437751004016,0.15261044176706828,-0.6987951807228916,0.24497991967871485,-0.8433734939759037,0.3293172690763052,-0.963855421686747,0.14859437751004015,-0.40562248995983935,0.18072289156626506,-0.39357429718875503,0.07228915662650602,-0.26104417670682734,0.008032128514056224,-0.18875502008032127,0.22088353413654618,-0.30120481927710846,0.22088353413654618,-0.2931726907630522,0.13253012048192772,-0.1927710843373494,0.0642570281124498,-0.14056224899598393
2,0.0,0.0,-0.15418502202643172,-0.13215859030837004,-0.17180616740088106,-0.3568281938325991,-0.048458149779735685,-0.5242290748898678,0.07929515418502203,-0.5770925110132159,-0.14977973568281938,-0.5022026431718062,-0.18502202643171806,-0.7180616740088106,-0.19823788546255505,-0.8546255506607929,-0.19823788546255505,-0.9691629955947136,-0.01762114537444934,-0.4889867841409692,0.05726872246696035,-0.73568281938326,0.12334801762114538,-0.8854625550660793,0.19383259911894274,-1.0,0.0881057268722467,-0.4185022026431718,0.14096916299559473,-0.5154185022026432,0.048458149779735685,-0.4008810572687225,-0.00881057268722467,-0.30837004405286345,0.17180616740088106,-0.3303964757709251,0.18061674008810572,-0.3964757709251101,0.1013215859030837,-0.29955947136563876,0.039647577092511016,-0.22026431718061673
2,0.0,0.0,-0.13043478260869565,-0.12608695652173912,-0.15217391304347827,-0.30869565217391304,-0.043478260869565216,-0.4608695652173913,0.043478260869565216,-0.5608695652173913,-0.27391304347826084,-0.5043478260869565,-0.34782608695652173,-0.7043478260869566,-0.391304347826087,-0.8347826086956521,-0.41739130434782606,-0.9391304347826087,-0.15217391304347827,-0.5173913043478261,-0.14782608695652175,-0.7521739130434782,-0.12608695652173912,-0.8956521739130435,-0.09130434782608696,-1.0,-0.0391304347826087,-0.46956521739130436,0.030434782608695653,-0.5217391304347826,0.017391304347826087,-0.391304347826087,-0.008695652173913044,-0.32608695652173914,0.05217391304347826,-0.4,0.10434782608695652,-0.4434782608695652,0.0782608695652174,-0.3347826086956522,0.034782608695652174,-0.26956521739130435
2,0.0,0.0,-0.11538461538461539,-0.08547008547008547,-0.12393162393162394,-0.24358974358974358,-0.004273504273504274,-0.38461538461538464,0.0811965811965812,-0.4658119658119658,-0.2564102564102564,-0.44871794871794873,-0.3333333333333333,-0.6495726495726496,-0.38461538461538464,-0.7863247863247863,-0.4230769230769231,-0.9017094017094017,-0.13675213675213677,-0.47435897435897434,-0.13247863247863248,-0.717948717948718,-0.10256410256410256,-0.8760683760683761,-0.06837606837606838,-1.0,-0.029914529914529916,-0.44017094017094016,0.05555555555555555,-0.47435897435897434,0.04700854700854701,-0.3162393162393162,0.008547008547008548,-0.24358974358974358,0.05982905982905983,-0.37606837606837606,0.11965811965811966,-0.39316239316239315,0.10256410256410256,-0.2777777777777778,0.05128205128205128,-0.20085470085470086
2,0.0,0.0,-0.15151515151515152,-0.09523809523809523,-0.18614718614718614,-0.26406926406926406,-0.05627705627705628,-0.3939393939393939,0.07792207792207792,-0.45454545454545453,-0.22077922077922077,-0.48917748917748916,-0.2813852813852814,-0.6926406926406926,-0.31601731601731603,-0.8311688311688312,-0.33766233766233766,-0.9437229437229437,-0.09090909090909091,-0.4935064935064935,-0.03896103896103896,-0.7272727272727273,0.008658008658008658,-0.8787878787878788,0.05627705627705628,-1.0,0.021645021645021644,-0.4329004329004329,0.08225108225108226,-0.4675324675324675,0.030303030303030304,-0.3246753246753247,-0.008658008658008658,-0.2510822510822511,0.10822510822510822,-0.35064935064935066,0.13852813852813853,-0.3852813852813853,0.08658008658008658,-0.2813852813852814,0.03896103896103896,-0.22077922077922077
2,0.0,0.0,-0.167420814479638,-0.08144796380090498,-0.26244343891402716,-0.248868778280543,-0.15384615384615385,-0.35294117647058826,-0.004524886877828055,-0.3891402714932127,-0.19004524886877827,-0.49321266968325794,-0.25339366515837103,-0.7104072398190046,-0.29411764705882354,-0.8461538461538461,-0.3212669683257919,-0.9683257918552036,-0.04524886877828054,-0.502262443438914,0.0,-0.7194570135746606,0.05429864253393665,-0.8687782805429864,0.10407239819004525,-1.0,0.07692307692307693,-0.4479638009049774,0.058823529411764705,-0.416289592760181,-0.00904977375565611,-0.27601809954751133,-0.04072398190045249,-0.19457013574660634,0.17647058823529413,-0.36199095022624433,0.13574660633484162,-0.3257918552036199,0.06787330316742081,-0.22171945701357465,0.03167420814479638,-0.15384615384615385
2,0.0,0.0,-0.15695067264573992,-0.08071748878923767,-0.22869955156950672,-0.25112107623318386,-0.1210762331838565,-0.36771300448430494,0.013452914798206279,-0.4125560538116592,-0.19282511210762332,-0.4798206278026906,-0.2556053811659193,-0.6860986547085202,-0.2914798206278027,-0.820627802690583,-0.3183856502242152,-0.9372197309417041,-0.053811659192825115,-0.484304932735426,-0.013452914798206279,-0.7130044843049327,0.03139013452914798,-0.8654708520179372,0.07623318385650224,-1.0,0.06278026905829596,-0.4304932735426009,0.07623318385650224,-0.4349775784753363,0.013452914798206279,-0.28699551569506726,-0.026905829596412557,-0.19730941704035873,0.15695067264573992,-0.3452914798206278,0.14798206278026907,-0.34977578475336324,0.08520179372197309,-0.23766816143497757,0.04035874439461883,-0.16143497757847533
2,0.0,0.0,-0.15416666666666667,-0.1125,-0.19166666666666668,-0.30833333333333335,-0.07083333333333333,-0.4583333333333333,0.04583333333333333,-0.5333333333333333,-0.24583333333333332,-0.49583333333333335,-0.30416666666666664,-0.7041666666666667,-0.3375,-0.8333333333333334,-0.3625,-0.9458333333333333,-0.12083333333333333,-0.49583333333333335,-0.07916666666666666,-0.7375,-0.041666666666666664,-0.8833333333333333,-0.004166666666666667,-1.0,-0.008333333333333333,-0.44166666666666665,0.05416666666666667,-0.5125,0.004166666666666667,-0.375,-0.029166666666666667,-0.2916666666666667,0.07916666666666666,-0.3625,0.10833333333333334,-0.425,0.05416666666666667,-0.32083333333333336,0.0125,-0.24583333333333332
2,0.0,0.0,-0.14919354838709678,-0.10483870967741936,-0.1935483870967742,-0.3064516129032258,-0.06048387096774194,-0.4153225806451613,0.0846774193548387,-0.4314516129032258,-0.08064516129032258,-0.5120967741935484,-0.08870967741935484,-0.7379032258064516,-0.09274193548387097,-0.8790322580645161,-0.08870967741935484,-1.0,0.06048387096774194,-0.4879032258064516,0.16129032258064516,-0.7056451612903226,0.25,-0.8508064516129032,0.3346774193548387,-0.9717741935483871,0.16129032258064516,-0.40725806451612906,0.14919354838709678,-0.41935483870967744,0.04032258064516129,-0.29435483870967744,-0.024193548387096774,-0.21370967741935484,0.22580645161290322,-0.3024193548387097,0.1774193548387097,-0.31048387096774194,0.08064516129032258,-0.21774193548387097,0.020161290322580645,-0.1532258064516129
2,0.0,0.0,-0.1568627450980392,-0.08627450980392157,-0.20392156862745098,-0.2627450980392157,-0.0784313725490196,-0.39215686274509803,0.054901960784313725,-0.44313725490196076,-0.2235294117647059,-0.47843137254901963,-0.2980392156862745,-0.6784313725490196,-0.3411764705882353,-0.807843137254902,-0.3686274509803922,-0.9176470588235294,-0.09019607843137255,-0.49019607843137253,-0.0392156862745098,-0.7215686274509804,0.00784313725490196,-0.8745098039215686,0.06274509803921569,-1.0,0.023529411764705882,-0.43137254901960786,0.07058823529411765,-0.4627450980392157,0.011764705882352941,-0.3215686274509804,-0.0196078431372549,-0.25098039215686274,0.11372549019607843,-0.3411764705882353,0.12941176470588237,-0.3803921568627451,0.0784313725490196,-0.2784313725490196,0.0392156862745098,-0.21568627450980393
2,0.0,0.0,-0.14553990610328638,0.028169014084507043,-0.22065727699530516,-0.09389671361502347,-0.11267605633802817,-0.2347417840375587,0.004694835680751174,-0.3568075117370892,-0.3286384976525822,-0.3380281690140845,-0.460093896713615,-0.5164319248826291,-0.5539906103286385,-0.647887323943662,-0.6197183098591549,-0.7699530516431925,-0.16901408450704225,-0.39436619718309857,-0.18779342723004694,-0.6572769953051644,-0.18309859154929578,-0.8403755868544601,-0.16901408450704225,-1.0,-0.03286384976525822,-0.3755868544600939,-0.009389671361502348,-0.4084507042253521,0.004694835680751174,-0.215962441314554,-0.018779342723004695,-0.13615023474178403,0.07981220657276995,-0.3380281690140845,0.09859154929577464,-0.29107981220657275,0.09859154929577464,-0.15023474178403756,0.06103286384976526,-0.07042253521126761
2,0.0,0.0,-0.15879828326180256,-0.05150214592274678,-0.23605150214592274,-0.19313304721030042,-0.13304721030042918,-0.34334763948497854,-0.02575107296137339,-0.4291845493562232,-0.3261802575107296,-0.4206008583690987,-0.45493562231759654,-0.592274678111588,-0.5321888412017167,-0.7081545064377682,-0.6008583690987125,-0.8111587982832618,-0.2017167381974249,-0.4678111587982833,-0.21888412017167383,-0.703862660944206,-0.21030042918454936,-0.8626609442060086,-0.19313304721030042,-1.0,-0.07725321888412018,-0.44206008583690987,-0.030042918454935622,-0.4678111587982833,-0.04291845493562232,-0.3090128755364807,-0.060085836909871244,-0.22317596566523606,0.03862660944206009,-0.38626609442060084,0.060085836909871244,-0.41201716738197425,0.034334763948497854,-0.2918454935622318,0.008583690987124463,-0.2145922746781116
2,0.0,0.0,-0.14705882352941177,-0.12605042016806722,-0.16806722689075632,-0.33613445378151263,-0.058823529411764705,-0.48739495798319327,0.04201680672268908,-0.5546218487394958,-0.13865546218487396,-0.5084033613445378,-0.15966386554621848,-0.726890756302521,-0.16806722689075632,-0.8571428571428571,-0.1638655462184874,-0.9747899159663865,-0.008403361344537815,-0.48739495798319327,0.06302521008403361,-0.726890756302521,0.13025210084033614,-0.8781512605042017,0.20168067226890757,-1.0,0.10084033613445378,-0.4117647058823529,0.14705882352941177,-0.5084033613445378,0.05042016806722689,-0.36554621848739494,-0.008403361344537815,-0.2647058823529412,0.18487394957983194,-0.31092436974789917,0.18487394957983194,-0.3697478991596639,0.10504201680672269,-0.2689075630252101,0.05042016806722689,-0.19327731092436976
2,0.0,0.0,-0.15315315315315314,-0.15315315315315314,-0.16666666666666666,-0.3738738738738739,-0.04054054054054054,-0.536036036036036,0.06756756756756757,-0.5855855855855856,-0.18468468468468469,-0.5225225225225225,-0.20270270270270271,-0.7342342342342343,-0.21171171171171171,-0.8693693693693694,-0.21171171171171171,-0.9819819819819819,-0.04954954954954955,-0.5045045045045045,0.03153153153153153,-0.7432432432432432,0.0945945945945946,-0.8873873873873874,0.16666666666666666,-1.0,0.06756756756756757,-0.43243243243243246,0.14414414414414414,-0.5405405405405406,0.05855855855855856,-0.4009009009009009,-0.0045045045045045045,-0.2972972972972973,0.15315315315315314,-0.33783783783783783,0.17567567567567569,-0.4144144144144144,0.10810810810810811,-0.3063063063063063,0.05405405405405406,-0.22522522522522523
2,0.0,0.0,-0.18067226890756302,-0.14705882352941177,-0.25210084033613445,-0.35294117647058826,-0.16806722689075632,-0.5168067226890757,-0.10084033613445378,-0.6008403361344538,-0.36554621848739494,-0.47478991596638653,-0.46638655462184875,-0.6680672268907563,-0.5252100840336135,-0.7899159663865546,-0.5672268907563025,-0.8907563025210085,-0.23529411764705882,-0.5,-0.2647058823529412,-0.7310924369747899,-0.2605042016806723,-0.8781512605042017,-0.24369747899159663,-1.0,-0.1134453781512605,-0.46638655462184875,-0.046218487394957986,-0.5798319327731093,-0.05042016806722689,-0.42436974789915966,-0.07563025210084033,-0.3403361344537815,-0.004201680672268907,-0.40756302521008403,0.03361344537815126,-0.5084033613445378,0.02100840336134454,-0.3907563025210084,-0.012605042016806723,-0.3067226890756303
2,0.0,0.0,-0.15352697095435686,-0.14522821576763487,-0.16597510373443983,-0.36929460580912865,-0.03734439834024896,-0.5269709543568465,0.07468879668049792,-0.5850622406639004,-0.17842323651452283,-0.5186721991701245,-0.2033195020746888,-0.7302904564315352,-0.22406639004149378,-0.8672199170124482,-0.22406639004149378,-0.979253112033195,-0.04149377593360996,-0.4979253112033195,0.03319502074688797,-0.7385892116182573,0.0954356846473029,-0.8879668049792531,0.16597510373443983,-1.0,0.07468879668049792,-0.42738589211618255,0.14937759336099585,-0.5269709543568465,0.06224066390041494,-0.3941908713692946,0.008298755186721992,-0.2946058091286307,0.16182572614107885,-0.33195020746887965,0.1825726141078838,-0.4066390041493776,0.11203319502074689,-0.3070539419087137,0.06224066390041494,-0.22821576763485477
2,0.0,0.0,-0.14901960784313725,-0.13333333333333333,-0.17254901960784313,-0.3411764705882353,-0.050980392156862744,-0.47843137254901963,0.06666666666666667,-0.5137254901960784,-0.1803921568627451,-0.5019607843137255,-0.2235294117647059,-0.7137254901960784,-0.2549019607843137,-0.8470588235294118,-0.27058823529411763,-0.9607843137254902,-0.050980392156862744,-0.48627450980392156,0.0196078431372549,-0.7215686274509804,0.07450980392156863,-0.8745098039215686,0.1411764705882353,-1.0,0.06274509803921569,-0.41568627450980394,0.11764705882352941,-0.4745098039215686,0.047058823529411764,-0.32941176470588235,0.00784313725490196,-0.23529411764705882,0.14901960784313725,-0.3215686274509804,0.16470588235294117,-0.3843137254901961,0.10588235294117647,-0.2784313725490196,0.07058823529411765,-0.19607843137254902
2,0.0,0.0,-0.14901960784313725,-0.12156862745098039,-0.1843137254901961,-0.3058823529411765,-0.06274509803921569,-0.43529411764705883,0.058823529411764705,-0.48627450980392156,-0.2,-0.49411764705882355,-0.25882352941176473,-0.6980392156862745,-0.29411764705882354,-0.8313725490196079,-0.3137254901960784,-0.9450980392156862,-0.06666666666666667,-0.49019607843137253,-0.00784313725490196,-0.7254901960784313,0.047058823529411764,-0.8745098039215686,0.10980392156862745,-1.0,0.050980392156862744,-0.4235294117647059,0.10980392156862745,-0.4666666666666667,0.047058823529411764,-0.3215686274509804,0.00392156862745098,-0.23137254901960785,0.1411764705882353,-0.32941176470588235,0.16862745098039217,-0.37254901960784315,0.10980392156862745,-0.26666666666666666,0.058823529411764705,-0.19215686274509805
2,0.0,0.0,-0.1459227467811159,-0.14163090128755365,-0.17167381974248927,-0.33905579399141633,-0.05150214592274678,-0.4892703862660944,0.060085836909871244,-0.5493562231759657,-0.21030042918454936,-0.4978540772532189,-0.2575107296137339,-0.7081545064377682,-0.2875536480686695,-0.8369098712446352,-0.30472103004291845,-0.9484978540772532,-0.08583690987124463,-0.49356223175965663,-0.034334763948497854,-0.7296137339055794,0.017167381974248927,-0.8841201716738197,0.07296137339055794,-1.0,0.034334763948497854,-0.4291845493562232,0.10300429184549356,-0.4978540772532189,0.03862660944206009,-0.3648068669527897,0.0,-0.2703862660944206,0.12446351931330472,-0.34334763948497854,0.15021459227467812,-0.4034334763948498,0.09871244635193133,-0.30472103004291845,0.060085836909871244,-0.22746781115879827
2,0.0,0.0,-0.15384615384615385,-0.13122171945701358,-0.19457013574660634,-0.33031674208144796,-0.08597285067873303,-0.4841628959276018,0.013574660633484163,-0.5475113122171946,-0.23076923076923078,-0.4841628959276018,-0.2895927601809955,-0.6877828054298643,-0.3257918552036199,-0.8144796380090498,-0.35294117647058826,-0.9230769230769231,-0.1085972850678733,-0.4796380090497738,-0.07239819004524888,-0.7285067873303167,-0.03619909502262444,-0.8778280542986425,0.013574660633484163,-1.0,0.00904977375565611,-0.42081447963800905,0.058823529411764705,-0.5113122171945701,0.004524886877828055,-0.37104072398190047,-0.02262443438914027,-0.28054298642533937,0.09954751131221719,-0.334841628959276,0.12217194570135746,-0.4117647058823529,0.06787330316742081,-0.3076923076923077,0.03619909502262444,-0.23076923076923078
3,0.0,0.0,-0.18357487922705315,-0.2946859903381642,-0.26570048309178745,-0.5893719806763285,-0.28019323671497587,-0.821256038647343,-0.25120772946859904,-1.0,-0.0821256038647343,-0.6183574879227053,-0.40096618357487923,-0.5893719806763285,-0.357487922705314,-0.4782608695652174,-0.2560386473429952,-0.4830917874396135,-0.024154589371980676,-0.46859903381642515,-0.40096618357487923,-0.42995169082125606,-0.3333333333333333,-0.3671497584541063,-0.22705314009661837,-0.3671497584541063,-0.014492753623188406,-0.3140096618357488,-0.3671497584541063,-0.28502415458937197,-0.3140096618357488,-0.2318840579710145,-0.2028985507246377,-0.23671497584541062,-0.028985507246376812,-0.1642512077294686,-0.3140096618357488,-0.15458937198067632,-0.2608695652173913,-0.12077294685990338,-0.15458937198067632,-0.11594202898550725
3,0.0,0.0,-0.18274111675126903,-0.26903553299492383,-0.3197969543147208,-0.5634517766497462,-0.3604060913705584,-0.7969543147208121,-0.3197969543147208,-1.0,-0.19796954314720813,-0.5888324873096447,-0.5532994923857868,-0.5126903553299492,-0.4720812182741117,-0.4213197969543147,-0.3604060913705584,-0.4416243654822335,-0.14213197969543148,-0.41624365482233505,-0.5482233502538071,-0.34517766497461927,-0.4467005076142132,-0.29441624365482233,-0.3248730964467005,-0.3096446700507614,-0.116751269035533,-0.24873096446700507,-0.49746192893401014,-0.19796954314720813,-0.4010152284263959,-0.15228426395939088,-0.28426395939086296,-0.16751269035532995,-0.116751269035533,-0.09644670050761421,-0.4213197969543147,-0.07614213197969544,-0.350253807106599,-0.04568527918781726,-0.24873096446700507,-0.050761421319796954
3,0.0,0.0,-0.12352941176470589,-0.2529411764705882,-0.3058823529411765,-0.5411764705882353,-0.4117647058823529,-0.7823529411764706,-0.38235294117647056,-1.0,-0.3176470588235294,-0.5705882352941176,-0.7,-0.4823529411764706,-0.6352941176470588,-0.38823529411764707,-0.5294117647058824,-0.38235294117647056,-0.2823529411764706,-0.4,-0.6941176470588235,-0.2823529411764706,-0.5941176470588235,-0.2235294117647059,-0.4764705882352941,-0.23529411764705882,-0.27058823529411763,-0.21176470588235294,-0.6294117647058823,-0.12352941176470589,-0.5294117647058824,-0.08235294117647059,-0.4117647058823529,-0.1,-0.2647058823529412,-0.029411764705882353,-0.5705882352941176,0.011764705882352941,-0.48823529411764705,0.03529411764705882,-0.3764705882352941,0.023529411764705882
3,0.0,0.0,-0.11242603550295859,-0.27218934911242604,-0.3076923076923077,-0.5502958579881657,-0.40828402366863903,-0.7928994082840237,-0.378698224852071,-1.0,-0.44970414201183434,-0.5621301775147929,-0.7810650887573964,-0.4556213017751479,-0.6982248520710059,-0.3668639053254438,-0.5798816568047337,-0.3727810650887574,-0.44970414201183434,-0.39644970414201186,-0.7692307692307693,-0.2603550295857988,-0.650887573964497,-0.20118343195266272,-0.5325443786982249,-0.22485207100591717,-0.44970414201183434,-0.20710059171597633,-0.7159763313609467,-0.09467455621301775,-0.6035502958579881,-0.05325443786982249,-0.4911242603550296,-0.07692307692307693,-0.44970414201183434,-0.011834319526627219,-0.6627218934911243,0.047337278106508875,-0.5621301775147929,0.0650887573964497,-0.46745562130177515,0.047337278106508875
3,0.0,0.0,-0.1695906432748538,-0.2807017543859649,-0.40350877192982454,-0.5380116959064327,-0.5087719298245614,-0.7777777777777778,-0.4853801169590643,-1.0,-0.631578947368421,-0.4678362573099415,-0.8888888888888888,-0.26900584795321636,-0.7777777777777778,-0.2222222222222222,-0.6549707602339181,-0.2631578947368421,-0.5964912280701754,-0.28654970760233917,-0.8421052631578947,-0.07602339181286549,-0.7076023391812866,-0.05847953216374269,-0.5906432748538012,-0.1111111111111111,-0.5263157894736842,-0.08771929824561403,-0.7485380116959064,0.08187134502923976,-0.6257309941520468,0.08187134502923976,-0.5146198830409356,0.029239766081871343,-0.45614035087719296,0.09941520467836257,-0.6549707602339181,0.19883040935672514,-0.5497076023391813,0.19883040935672514,-0.4502923976608187,0.15789473684210525
3,0.0,0.0,-0.1643192488262911,-0.28169014084507044,-0.41784037558685444,-0.539906103286385,-0.5633802816901409,-0.7793427230046949,-0.5821596244131455,-1.0,-0.6431924882629108,-0.4507042253521127,-0.9295774647887324,-0.2676056338028169,-0.8215962441314554,-0.215962441314554,-0.7089201877934272,-0.26291079812206575,-0.6150234741784038,-0.26291079812206575,-0.8732394366197183,-0.07511737089201878,-0.7464788732394366,-0.06103286384976526,-0.6291079812206573,-0.11737089201877934,-0.5633802816901409,-0.07042253521126761,-0.7746478873239436,0.07511737089201878,-0.647887323943662,0.07511737089201878,-0.5352112676056338,0.023474178403755867,-0.5023474178403756,0.11737089201877934,-0.6854460093896714,0.20187793427230047,-0.568075117370892,0.19248826291079812,-0.45539906103286387,0.15492957746478872
3,0.0,0.0,-0.18061674008810572,-0.28634361233480177,-0.45374449339207046,-0.5374449339207048,-0.6123348017621145,-0.7709251101321586,-0.6299559471365639,-1.0,-0.6607929515418502,-0.4889867841409692,-0.9779735682819384,-0.2687224669603524,-0.8634361233480177,-0.21145374449339208,-0.7400881057268722,-0.2555066079295154,-0.6079295154185022,-0.30837004405286345,-0.8986784140969163,-0.05726872246696035,-0.762114537444934,-0.039647577092511016,-0.6387665198237885,-0.10572687224669604,-0.5374449339207048,-0.10572687224669604,-0.7929515418502202,0.1013215859030837,-0.6563876651982379,0.1013215859030837,-0.5418502202643172,0.03524229074889868,-0.46255506607929514,0.09691629955947137,-0.6916299559471366,0.23348017621145375,-0.5726872246696035,0.22026431718061673,-0.4669603524229075,0.16740088105726872
3,0.0,0.0,-0.10996563573883161,-0.281786941580756,-0.30927835051546393,-0.5670103092783505,-0.3951890034364261,-0.8041237113402062,-0.36082474226804123,-1.0,-0.4639175257731959,-0.5773195876288659,-0.8006872852233677,-0.4536082474226804,-0.7147766323024055,-0.38144329896907214,-0.5945017182130584,-0.4020618556701031,-0.44329896907216493,-0.39862542955326463,-0.7869415807560137,-0.25773195876288657,-0.6666666666666666,-0.21305841924398625,-0.5395189003436426,-0.24742268041237114,-0.41924398625429554,-0.19931271477663232,-0.7285223367697594,-0.09621993127147767,-0.6082474226804123,-0.07216494845360824,-0.4845360824742268,-0.10309278350515463,-0.3951890034364261,-0.003436426116838488,-0.6529209621993127,0.041237113402061855,-0.5567010309278351,0.054982817869415807,-0.45017182130584193,0.030927835051546393
3,0.0,0.0,-0.18115942028985507,-0.2717391304347826,-0.3079710144927536,-0.5615942028985508,-0.322463768115942,-0.7971014492753623,-0.2608695652173913,-1.0,-0.19927536231884058,-0.5688405797101449,-0.5833333333333334,-0.463768115942029,-0.5072463768115942,-0.39492753623188404,-0.391304347826087,-0.41304347826086957,-0.13768115942028986,-0.37681159420289856,-0.5652173913043478,-0.26811594202898553,-0.463768115942029,-0.23550724637681159,-0.34057971014492755,-0.2536231884057971,-0.10507246376811594,-0.18478260869565216,-0.5,-0.10144927536231885,-0.4057971014492754,-0.07971014492753623,-0.286231884057971,-0.10144927536231885,-0.08695652173913043,-0.010869565217391304,-0.41304347826086957,0.028985507246376812,-0.33695652173913043,0.043478260869565216,-0.21739130434782608,0.036231884057971016
3,0.0,0.0,-0.1834862385321101,-0.20642201834862386,-0.16055045871559634,-0.573394495412844,-0.05963302752293578,-0.8119266055045872,0.022935779816513763,-1.0,0.1834862385321101,-0.45871559633027525,-0.18807339449541285,-0.4036697247706422,-0.1834862385321101,-0.38990825688073394,-0.0779816513761468,-0.40825688073394495,0.3302752293577982,-0.22935779816513763,-0.26146788990825687,-0.1559633027522936,-0.14220183486238533,-0.2018348623853211,0.0045871559633027525,-0.22935779816513763,0.3532110091743119,-0.01834862385321101,-0.19724770642201836,0.027522935779816515,-0.11926605504587157,-0.022935779816513763,0.01834862385321101,-0.06422018348623854,0.3211009174311927,0.16972477064220184,-0.0871559633027523,0.17889908256880735,-0.045871559633027525,0.14220183486238533,0.06880733944954129,0.11467889908256881
3,0.0,0.0,-0.1762114537444934,-0.21585903083700442,-0.2511013215859031,-0.5550660792951542,-0.2775330396475771,-0.7929515418502202,-0.27312775330396477,-1.0,0.1145374449339207,-0.5022026431718062,-0.2511013215859031,-0.41409691629955947,-0.2555066079295154,-0.34801762114537443,-0.14096916299559473,-0.3524229074889868,0.2555066079295154,-0.32158590308370044,-0.22466960352422907,-0.18502202643171806,-0.18502202643171806,-0.19383259911894274,-0.05286343612334802,-0.23348017621145375,0.30837004405286345,-0.1277533039647577,-0.14537444933920704,-0.00881057268722467,-0.12334801762114538,-0.02643171806167401,-0.004405286343612335,-0.06607929515418502,0.31277533039647576,0.06167400881057269,-0.04405286343612335,0.13215859030837004,-0.04405286343612335,0.12334801762114538,0.04405286343612335,0.09251101321585903
3,0.0,0.0,-0.1308411214953271,-0.29439252336448596,-0.35514018691588783,-0.5607476635514018,-0.48598130841121495,-0.7897196261682243,-0.4719626168224299,-1.0,-0.5794392523364486,-0.5514018691588785,-0.8411214953271028,-0.397196261682243,-0.7476635514018691,-0.3177570093457944,-0.6401869158878505,-0.3364485981308411,-0.5794392523364486,-0.3878504672897196,-0.8037383177570093,-0.2102803738317757,-0.6915887850467289,-0.16355140186915887,-0.5841121495327103,-0.20093457943925233,-0.5654205607476636,-0.19626168224299065,-0.7570093457943925,-0.056074766355140186,-0.6495327102803738,-0.02336448598130841,-0.5467289719626168,-0.056074766355140186,-0.5373831775700935,0.0,-0.7149532710280374,0.0794392523364486,-0.616822429906542,0.09813084112149532,-0.5233644859813084,0.07476635514018691
3,0.0,0.0,-0.09333333333333334,-0.26222222222222225,-0.30666666666666664,-0.5555555555555556,-0.4177777777777778,-0.8,-0.4533333333333333,-1.0,-0.3377777777777778,-0.5422222222222223,-0.68,-0.4533333333333333,-0.5777777777777777,-0.4,-0.4622222222222222,-0.4222222222222222,-0.32,-0.35555555555555557,-0.6711111111111111,-0.28,-0.5511111111111111,-0.2577777777777778,-0.4311111111111111,-0.26666666666666666,-0.30666666666666664,-0.17333333333333334,-0.6177777777777778,-0.1288888888888889,-0.5066666666666667,-0.10666666666666667,-0.39111111111111113,-0.11555555555555555,-0.30666666666666664,-0.0044444444444444444,-0.56,-0.0044444444444444444,-0.4666666666666667,0.013333333333333334,-0.36444444444444446,0.013333333333333334
3,0.0,0.0,-0.07729468599033816,-0.2898550724637681,-0.2995169082125604,-0.5942028985507246,-0.45893719806763283,-0.8260869565217391,-0.5700483091787439,-1.0,-0.33816425120772947,-0.5893719806763285,-0.714975845410628,-0.5024154589371981,-0.6038647342995169,-0.4444444444444444,-0.4830917874396135,-0.463768115942029,-0.32367149758454106,-0.3864734299516908,-0.7101449275362319,-0.30917874396135264,-0.5845410628019324,-0.2898550724637681,-0.45410628019323673,-0.30434782608695654,-0.3140096618357488,-0.18357487922705315,-0.6618357487922706,-0.1497584541062802,-0.5362318840579711,-0.13043478260869565,-0.4106280193236715,-0.13526570048309178,-0.3140096618357488,0.0,-0.5942028985507246,-0.014492753623188406,-0.4830917874396135,0.004830917874396135,-0.3671497584541063,0.004830917874396135
3,0.0,0.0,-0.09090909090909091,-0.2590909090909091,-0.3090909090909091,-0.55,-0.4318181818181818,-0.7909090909090909,-0.45454545454545453,-1.0,-0.3181818181818182,-0.5636363636363636,-0.6727272727272727,-0.4772727272727273,-0.5681818181818182,-0.41363636363636364,-0.4590909090909091,-0.4318181818181818,-0.3,-0.37727272727272726,-0.6727272727272727,-0.29545454545454547,-0.5454545454545454,-0.2636363636363636,-0.42727272727272725,-0.2818181818181818,-0.2909090909090909,-0.19090909090909092,-0.6227272727272727,-0.15454545454545454,-0.5045454545454545,-0.12272727272727273,-0.38636363636363635,-0.1318181818181818,-0.29545454545454547,-0.01818181818181818,-0.5545454545454546,-0.031818181818181815,-0.45454545454545453,-0.004545454545454545,-0.34545454545454546,0.004545454545454545
3,0.0,0.0,-0.09502262443438914,-0.2669683257918552,-0.3167420814479638,-0.5520361990950227,-0.4434389140271493,-0.7873303167420814,-0.4117647058823529,-1.0,-0.3076923076923077,-0.583710407239819,-0.665158371040724,-0.502262443438914,-0.579185520361991,-0.42081447963800905,-0.4660633484162896,-0.4343891402714932,-0.2895927601809955,-0.40271493212669685,-0.665158371040724,-0.31221719457013575,-0.5520361990950227,-0.27149321266968324,-0.4343891402714932,-0.29411764705882354,-0.2850678733031674,-0.21266968325791855,-0.6199095022624435,-0.167420814479638,-0.5113122171945701,-0.14027149321266968,-0.39819004524886875,-0.1493212669683258,-0.2850678733031674,-0.03619909502262444,-0.5610859728506787,-0.04524886877828054,-0.47058823529411764,-0.02262443438914027,-0.3665158371040724,-0.02262443438914027
3,0.0,0.0,-0.09734513274336283,-0.2831858407079646,-0.25663716814159293,-0.5575221238938053,-0.3185840707964602,-0.8053097345132744,-0.23008849557522124,-1.0,-0.4690265486725664,-0.5929203539823009,-0.7699115044247787,-0.4690265486725664,-0.672566371681416,-0.3805309734513274,-0.5486725663716814,-0.39823008849557523,-0.4778761061946903,-0.4336283185840708,-0.7610619469026548,-0.2743362831858407,-0.6460176991150443,-0.22123893805309736,-0.5221238938053098,-0.25663716814159293,-0.49557522123893805,-0.25663716814159293,-0.7079646017699115,-0.10619469026548672,-0.6017699115044248,-0.07079646017699115,-0.49557522123893805,-0.10619469026548672,-0.504424778761062,-0.061946902654867256,-0.672566371681416,0.035398230088495575,-0.5663716814159292,0.05309734513274336,-0.4690265486725664,0.02654867256637168
3,0.0,0.0,-0.08130081300813008,-0.2682926829268293,-0.21138211382113822,-0.5691056910569106,-0.22764227642276422,-0.8130081300813008,-0.12195121951219512,-1.0,-0.22764227642276422,-0.5853658536585366,-0.6178861788617886,-0.5447154471544715,-0.5365853658536586,-0.4634146341463415,-0.4065040650406504,-0.4634146341463415,-0.22764227642276422,-0.42276422764227645,-0.6260162601626016,-0.35772357723577236,-0.5203252032520326,-0.3008130081300813,-0.3983739837398374,-0.3089430894308943,-0.24390243902439024,-0.23577235772357724,-0.5853658536585366,-0.18699186991869918,-0.4878048780487805,-0.14634146341463414,-0.37398373983739835,-0.15447154471544716,-0.2682926829268293,-0.056910569105691054,-0.5528455284552846,-0.04878048780487805,-0.4634146341463415,-0.016260162601626018,-0.34959349593495936,-0.024390243902439025
3,0.0,0.0,-0.007407407407407408,-0.3037037037037037,0.1111111111111111,-0.6074074074074074,0.2074074074074074,-0.8148148148148148,0.23703703703703705,-1.0,0.5703703703703704,-0.5481481481481482,0.362962962962963,-0.6,0.17777777777777778,-0.4888888888888889,0.08148148148148149,-0.3925925925925926,0.6888888888888889,-0.37777777777777777,0.37777777777777777,-0.4148148148148148,0.18518518518518517,-0.3111111111111111,0.08148148148148149,-0.2222222222222222,0.725925925925926,-0.1925925925925926,0.4222222222222222,-0.22962962962962963,0.23703703703703705,-0.14814814814814814,0.14074074074074075,-0.07407407407407407,0.7333333333333333,0.007407407407407408,0.5259259259259259,-0.06666666666666667,0.35555555555555557,-0.037037037037037035,0.26666666666666666,0.007407407407407408
3,0.0,0.0,0.02531645569620253,-0.3037974683544304,0.16455696202531644,-0.5822784810126582,0.22784810126582278,-0.8037974683544303,0.1962025316455696,-1.0,0.4873417721518987,-0.4620253164556962,0.6518987341772152,-0.5886075949367089,0.45569620253164556,-0.5253164556962026,0.2911392405063291,-0.4430379746835443,0.569620253164557,-0.3227848101265823,0.689873417721519,-0.43670886075949367,0.44936708860759494,-0.36075949367088606,0.2911392405063291,-0.2721518987341772,0.6329113924050633,-0.15822784810126583,0.740506329113924,-0.27848101265822783,0.4936708860759494,-0.22151898734177214,0.34177215189873417,-0.1518987341772152,0.6708860759493671,0.02531645569620253,0.7784810126582279,-0.08860759493670886,0.5822784810126582,-0.0949367088607595,0.4430379746835443,-0.06962025316455696
3,0.0,0.0,0.06329113924050633,-0.2974683544303797,0.26582278481012656,-0.6012658227848101,0.379746835443038,-0.8164556962025317,0.3860759493670886,-1.0,0.7658227848101266,-0.43670886075949367,0.689873417721519,-0.569620253164557,0.4430379746835443,-0.5063291139240507,0.26582278481012656,-0.4240506329113924,0.8481012658227848,-0.25949367088607594,0.6772151898734177,-0.3860759493670886,0.4050632911392405,-0.3227848101265823,0.22151898734177214,-0.2468354430379747,0.8544303797468354,-0.0759493670886076,0.6582278481012658,-0.1962025316455696,0.41139240506329117,-0.1518987341772152,0.2468354430379747,-0.10759493670886076,0.810126582278481,0.11392405063291139,0.7025316455696202,-0.006329113924050633,0.5063291139240507,-0.02531645569620253,0.37341772151898733,-0.012658227848101266
3,0.0,0.0,-0.06172839506172839,-0.3333333333333333,-0.024691358024691357,-0.6172839506172839,0.006172839506172839,-0.8209876543209876,0.018518518518518517,-1.0,0.41358024691358025,-0.5185185185185185,0.043209876543209874,-0.5925925925925926,-0.006172839506172839,-0.5,0.06790123456790123,-0.4382716049382716,0.4506172839506173,-0.345679012345679,0.018518518518518517,-0.4382716049382716,0.0,-0.38271604938271603,0.08024691358024691,-0.3333333333333333,0.41358024691358025,-0.16666666666666666,0.006172839506172839,-0.2777777777777778,-0.012345679012345678,-0.24691358024691357,0.06172839506172839,-0.20987654320987653,0.3395061728395062,-0.006172839506172839,0.018518518518518517,-0.10493827160493827,0.0,-0.09259259259259259,0.06790123456790123,-0.06172839506172839
3,0.0,0.0,-0.06622516556291391,-0.2847682119205298,-0.1986754966887417,-0.5761589403973509,-0.271523178807947,-0.8079470198675497,-0.23841059602649006,-1.0,-0.2185430463576159,-0.6291390728476821,-0.5629139072847682,-0.5827814569536424,-0.48344370860927155,-0.4900662251655629,-0.37748344370860926,-0.4900662251655629,-0.2251655629139073,-0.4900662251655629,-0.5695364238410596,-0.41721854304635764,-0.4768211920529801,-0.3576158940397351,-0.36423841059602646,-0.36423841059602646,-0.24503311258278146,-0.33774834437086093,-0.5298013245033113,-0.2847682119205298,-0.45695364238410596,-0.23178807947019867,-0.3576158940397351,-0.23178807947019867,-0.2847682119205298,-0.17880794701986755,-0.4966887417218543,-0.15894039735099338,-0.4304635761589404,-0.11920529801324503,-0.33774834437086093,-0.11258278145695365
3,0.0,0.0,-0.10619469026548672,-0.3008849557522124,-0.2831858407079646,-0.5575221238938053,-0.37168141592920356,-0.7964601769911505,-0.3274336283185841,-1.0,-0.7699115044247787,-0.4424778761061947,-0.7964601769911505,-0.2920353982300885,-0.6814159292035398,-0.24778761061946902,-0.5752212389380531,-0.25663716814159293,-0.8230088495575221,-0.24778761061946902,-0.7610619469026548,-0.11504424778761062,-0.6460176991150443,-0.09734513274336283,-0.5486725663716814,-0.1415929203539823,-0.7964601769911505,-0.04424778761061947,-0.7256637168141593,0.04424778761061947,-0.6194690265486725,0.035398230088495575,-0.5221238938053098,0.0,-0.7522123893805309,0.1415929203539823,-0.6902654867256637,0.20353982300884957,-0.5752212389380531,0.18584070796460178,-0.48672566371681414,0.1504424778761062
3,0.0,0.0,-0.14189189189189189,-0.2702702702702703,-0.3783783783783784,-0.527027027027027,-0.5202702702702703,-0.7635135135135135,-0.5135135135135135,-0.9797297297297297,-0.777027027027027,-0.4594594594594595,-1.0,-0.1891891891891892,-0.8648648648648649,-0.12162162162162163,-0.75,-0.17567567567567569,-0.777027027027027,-0.2972972972972973,-0.9121621621621622,0.0,-0.777027027027027,0.02027027027027027,-0.6756756756756757,-0.060810810810810814,-0.7364864864864865,-0.10810810810810811,-0.8378378378378378,0.14189189189189189,-0.7027027027027027,0.14864864864864866,-0.6216216216216216,0.060810810810810814,-0.6824324324324325,0.08783783783783784,-0.75,0.2702702702702703,-0.6216216216216216,0.25675675675675674,-0.5337837837837838,0.18243243243243243
3,0.0,0.0,-0.13149847094801223,-0.3180428134556575,-0.3486238532110092,-0.5963302752293578,-0.4801223241590214,-0.8195718654434251,-0.5229357798165137,-1.0,-0.6666666666666666,-0.5229357798165137,-0.908256880733945,-0.382262996941896,-0.8318042813455657,-0.29357798165137616,-0.7308868501529052,-0.2966360856269113,-0.6880733944954128,-0.3302752293577982,-0.8623853211009175,-0.1620795107033639,-0.7584097859327217,-0.11009174311926606,-0.6483180428134556,-0.14984709480122324,-0.6605504587155964,-0.1162079510703364,-0.7859327217125383,0.009174311926605505,-0.6819571865443425,0.03669724770642202,-0.5749235474006116,0.0,-0.6116207951070336,0.09480122324159021,-0.7125382262996942,0.14984709480122324,-0.6055045871559633,0.1651376146788991,-0.5107033639143731,0.13761467889908258
3,0.0,0.0,-0.18092105263157895,-0.2894736842105263,-0.27960526315789475,-0.5657894736842105,-0.29605263157894735,-0.7894736842105263,-0.24671052631578946,-1.0,-0.0756578947368421,-0.6217105263157895,-0.47368421052631576,-0.4473684210526316,-0.4506578947368421,-0.39144736842105265,-0.3519736842105263,-0.4375,0.009868421052631578,-0.4276315789473684,-0.45394736842105265,-0.22697368421052633,-0.3815789473684211,-0.22039473684210525,-0.2730263157894737,-0.28618421052631576,0.05921052631578947,-0.2236842105263158,-0.3815789473684211,-0.05263157894736842,-0.3026315789473684,-0.05921052631578947,-0.1875,-0.10855263157894737,0.07894736842105263,-0.03289473684210526,-0.27631578947368424,0.08223684210526316,-0.22697368421052633,0.06578947368421052,-0.11513157894736842,0.019736842105263157
3,0.0,0.0,0.015723270440251572,-0.29559748427672955,0.13836477987421383,-0.610062893081761,0.2169811320754717,-0.8207547169811321,0.2861635220125786,-1.0,0.6383647798742138,-0.5408805031446541,0.6226415094339622,-0.6257861635220126,0.3584905660377358,-0.5220125786163522,0.1761006289308176,-0.42452830188679247,0.7389937106918238,-0.330188679245283,0.6729559748427673,-0.3836477987421384,0.3490566037735849,-0.31446540880503143,0.16352201257861634,-0.2578616352201258,0.7578616352201258,-0.11006289308176101,0.6981132075471698,-0.14465408805031446,0.3742138364779874,-0.11949685534591195,0.1792452830188679,-0.09748427672955975,0.7295597484276729,0.1069182389937107,0.7295597484276729,0.07861635220125786,0.48742138364779874,0.05345911949685535,0.330188679245283,0.025157232704402517
3,0.0,0.0,-0.02654867256637168,-0.28023598820059,0.0,-0.5811209439528023,-0.008849557522123894,-0.8112094395280236,-0.06784660766961652,-1.0,0.48672566371681414,-0.5781710914454278,0.5250737463126843,-0.6578171091445427,0.30678466076696165,-0.551622418879056,0.14454277286135694,-0.45427728613569324,0.6017699115044248,-0.3952802359882006,0.5929203539823009,-0.45132743362831856,0.31563421828908556,-0.36578171091445427,0.1415929203539823,-0.29793510324483774,0.6489675516224189,-0.20058997050147492,0.6578171091445427,-0.2359882005899705,0.3746312684365782,-0.19174041297935104,0.18584070796460178,-0.15634218289085547,0.6607669616519174,0.0,0.7197640117994101,-0.04129793510324484,0.504424778761062,-0.0471976401179941,0.3392330383480826,-0.05604719764011799
3,0.0,0.0,-0.02631578947368421,-0.27485380116959063,0.0,-0.5789473684210527,-0.017543859649122806,-0.8099415204678363,-0.0935672514619883,-1.0,0.5233918128654971,-0.5701754385964912,0.49707602339181284,-0.6374269005847953,0.28362573099415206,-0.5263157894736842,0.12573099415204678,-0.4269005847953216,0.6491228070175439,-0.38596491228070173,0.5526315789473685,-0.4152046783625731,0.28654970760233917,-0.3333333333333333,0.12280701754385964,-0.26608187134502925,0.6871345029239766,-0.18128654970760233,0.6228070175438597,-0.2046783625730994,0.3567251461988304,-0.16666666666666666,0.18421052631578946,-0.1286549707602339,0.6812865497076024,0.029239766081871343,0.6783625730994152,-0.008771929824561403,0.4649122807017544,-0.017543859649122806,0.3157894736842105,-0.02631578947368421
4,0.0,0.0,-0.13636363636363635,0.2,-0.3090909090909091,0.45454545454545453,-0.34545454545454546,0.7363636363636363,-0.2727272727272727,1.0,-0.9272727272727272,0.18181818181818182,-0.8090909090909091,0.1,-0.509090909090909,0.09090909090909091,-0.32727272727272727,0.1,-0.9545454545454546,-0.08181818181818182,-0.7090909090909091,-0.17272727272727273,-0.4090909090909091,-0.10909090909090909,-0.23636363636363636,-0.05454545454545454,-0.8636363636363636,-0.3,-0.6,-0.36363636363636365,-0.36363636363636365,-0.2636363636363636,-0.24545454545454545,-0.2,-0.7454545454545455,-0.4909090909090909,-0.5545454545454546,-0.5454545454545454,-0.36363636363636365,-0.42727272727272725,-0.2727272727272727,-0.33636363636363636
4,0.0,0.0,-0.23140495867768596,0.2644628099173554,-0.48760330578512395,0.512396694214876,-0.6363636363636364,0.7768595041322314,-0.6528925619834711,1.0,-0.7355371900826446,0.2727272727272727,-0.9752066115702479,0.2892561983471074,-0.768595041322314,0.2727272727272727,-0.5702479338842975,0.24793388429752067,-0.71900826446281,0.09090909090909091,-0.9090909090909091,0.08264462809917356,-0.6446280991735537,0.09917355371900827,-0.4462809917355372,0.09090909090909091,-0.6611570247933884,-0.08264462809917356,-0.8347107438016529,-0.09917355371900827,-0.5867768595041323,-0.05785123966942149,-0.3884297520661157,-0.03305785123966942,-0.5867768595041323,-0.256198347107438,-0.7603305785123967,-0.2727272727272727,-0.5950413223140496,-0.19834710743801653,-0.4462809917355372,-0.15702479338842976
4,0.0,0.0,0.08035714285714286,0.1875,0.15178571428571427,0.49107142857142855,0.3125,0.7767857142857143,0.39285714285714285,1.0,-0.44642857142857145,0.20535714285714285,0.10714285714285714,0.17857142857142858,0.19642857142857142,0.22321428571428573,0.11607142857142858,0.25892857142857145,-0.4732142857142857,-0.0625,0.15178571428571427,-0.017857142857142856,0.16071428571428573,0.07142857142857142,0.017857142857142856,0.09821428571428571,-0.4107142857142857,-0.2767857142857143,0.14285714285714285,-0.19642857142857142,0.125,-0.11607142857142858,-0.017857142857142856,-0.10714285714285714,-0.32142857142857145,-0.4375,0.05357142857142857,-0.35714285714285715,0.0625,-0.2857142857142857,-0.026785714285714284,-0.26785714285714285
4,0.0,0.0,0.06923076923076923,0.27692307692307694,0.17692307692307693,0.5384615384615384,0.3384615384615385,0.7538461538461538,0.4153846153846154,1.0,-0.2076923076923077,0.1076923076923077,0.36923076923076925,0.17692307692307693,0.3384615384615385,0.3153846153846154,0.18461538461538463,0.36153846153846153,-0.14615384615384616,-0.12307692307692308,0.4307692307692308,0.06923076923076923,0.36153846153846153,0.19230769230769232,0.2153846153846154,0.16153846153846155,-0.046153846153846156,-0.2846153846153846,0.4461538461538462,-0.06923076923076923,0.34615384615384615,0.038461538461538464,0.18461538461538463,0.023076923076923078,0.046153846153846156,-0.38461538461538464,0.36153846153846153,-0.2,0.3230769230769231,-0.13076923076923078,0.2,-0.15384615384615385
4,0.0,0.0,-0.20930232558139536,0.24806201550387597,-0.4263565891472868,0.5116279069767442,-0.5426356589147286,0.7829457364341085,-0.5348837209302325,1.0,-0.7131782945736435,0.26356589147286824,-0.9147286821705426,0.29457364341085274,-0.7209302325581395,0.29457364341085274,-0.5271317829457365,0.2868217054263566,-0.7054263565891473,0.09302325581395349,-0.8682170542635659,0.10852713178294573,-0.6046511627906976,0.13178294573643412,-0.40310077519379844,0.13178294573643412,-0.6666666666666666,-0.07751937984496124,-0.7984496124031008,-0.06976744186046512,-0.5581395348837209,-0.015503875968992248,-0.37209302325581395,0.007751937984496124,-0.5968992248062015,-0.24031007751937986,-0.7441860465116279,-0.23255813953488372,-0.5813953488372093,-0.16279069767441862,-0.4496124031007752,-0.11627906976744186
4,0.0,0.0,-0.1951219512195122,0.2601626016260163,-0.42276422764227645,0.5203252032520326,-0.5365853658536586,0.7804878048780488,-0.5447154471544715,1.0,-0.6910569105691057,0.3008130081300813,-0.9024390243902439,0.3170731707317073,-0.6991869918699187,0.2926829268292683,-0.5040650406504065,0.2682926829268293,-0.6910569105691057,0.11382113821138211,-0.8617886178861789,0.12195121951219512,-0.5853658536585366,0.12195121951219512,-0.3983739837398374,0.10569105691056911,-0.6504065040650406,-0.06504065040650407,-0.7967479674796748,-0.07317073170731707,-0.5447154471544715,-0.04065040650406504,-0.36585365853658536,-0.024390243902439025,-0.5853658536585366,-0.24390243902439024,-0.7560975609756098,-0.25203252032520324,-0.5853658536585366,-0.1951219512195122,-0.44715447154471544,-0.15447154471544716
4,0.0,0.0,-0.22362869198312235,0.21940928270042195,-0.4978902953586498,0.4430379746835443,-0.6455696202531646,0.6919831223628692,-0.6708860759493671,0.9029535864978903,-0.7721518987341772,0.2109704641350211,-1.0,0.16455696202531644,-0.7552742616033755,0.16877637130801687,-0.5485232067510548,0.1729957805907173,-0.729957805907173,-0.004219409282700422,-0.9029535864978903,-0.06329113924050633,-0.5949367088607594,-0.008438818565400843,-0.3924050632911392,0.02109704641350211,-0.6582278481012658,-0.189873417721519,-0.7932489451476793,-0.2489451476793249,-0.5232067510548524,-0.16033755274261605,-0.3459915611814346,-0.10126582278481013,-0.569620253164557,-0.350210970464135,-0.7215189873417721,-0.41350210970464135,-0.5527426160337553,-0.3291139240506329,-0.42616033755274263,-0.26582278481012656
4,0.0,0.0,-0.1619047619047619,0.20952380952380953,-0.319047619047619,0.4666666666666667,-0.36666666666666664,0.7571428571428571,-0.3238095238095238,1.0,-0.919047619047619,0.20952380952380953,-0.8952380952380953,0.14285714285714285,-0.6,0.14761904761904762,-0.3523809523809524,0.15714285714285714,-0.919047619047619,-0.06190476190476191,-0.8047619047619048,-0.14761904761904762,-0.45714285714285713,-0.07142857142857142,-0.21904761904761905,-0.004761904761904762,-0.8285714285714286,-0.28095238095238095,-0.6761904761904762,-0.34285714285714286,-0.3952380952380952,-0.22857142857142856,-0.20952380952380953,-0.14761904761904762,-0.7142857142857143,-0.45714285714285713,-0.6095238095238096,-0.5142857142857142,-0.4,-0.4095238095238095,-0.2761904761904762,-0.3333333333333333
4,0.0,0.0,-0.24880382775119617,0.22966507177033493,-0.5167464114832536,0.45454545454545453,-0.6794258373205742,0.7081339712918661,-0.7129186602870813,0.9282296650717703,-0.7511961722488039,0.21052631578947367,-1.0,0.19138755980861244,-0.784688995215311,0.19617224880382775,-0.5789473684210527,0.19617224880382775,-0.7272727272727273,0.014354066985645933,-0.9282296650717703,-0.019138755980861243,-0.6267942583732058,0.019138755980861243,-0.4258373205741627,0.03349282296650718,-0.6602870813397129,-0.15789473684210525,-0.8133971291866029,-0.20574162679425836,-0.5454545454545454,-0.1339712918660287,-0.3684210526315789,-0.0861244019138756,-0.569377990430622,-0.32057416267942584,-0.7368421052631579,-0.37320574162679426,-0.5598086124401914,-0.2822966507177033,-0.430622009569378,-0.22488038277511962
4,0.0,0.0,-0.15544041450777202,0.23834196891191708,-0.3316062176165803,0.5025906735751295,-0.39378238341968913,0.7823834196891192,-0.3471502590673575,1.0,-0.6424870466321243,0.3471502590673575,-0.844559585492228,0.35233160621761656,-0.6321243523316062,0.30569948186528495,-0.44041450777202074,0.26424870466321243,-0.6424870466321243,0.16062176165803108,-0.8082901554404145,0.15025906735751296,-0.533678756476684,0.12435233160621761,-0.33678756476683935,0.10880829015544041,-0.616580310880829,-0.015544041450777202,-0.7461139896373057,-0.031088082901554404,-0.49222797927461137,-0.015544041450777202,-0.31088082901554404,0.0,-0.5699481865284974,-0.18134715025906736,-0.7098445595854922,-0.19689119170984457,-0.5440414507772021,-0.15025906735751296,-0.40932642487046633,-0.11917098445595854
4,0.0,0.0,-0.09090909090909091,0.24675324675324675,-0.18831168831168832,0.538961038961039,-0.15584415584415584,0.8181818181818182,-0.025974025974025976,1.0,-0.577922077922078,0.5,-0.7662337662337663,0.5454545454545454,-0.551948051948052,0.42857142857142855,-0.37662337662337664,0.34415584415584416,-0.6428571428571429,0.3051948051948052,-0.7922077922077922,0.3116883116883117,-0.5064935064935064,0.21428571428571427,-0.3246753246753247,0.14935064935064934,-0.6688311688311688,0.11688311688311688,-0.7987012987012987,0.11038961038961038,-0.525974025974026,0.06493506493506493,-0.35064935064935066,0.03896103896103896,-0.6688311688311688,-0.06493506493506493,-0.8116883116883117,-0.07142857142857142,-0.6168831168831169,-0.07142857142857142,-0.461038961038961,-0.06493506493506493
4,0.0,0.0,0.2125984251968504,0.25984251968503935,0.36220472440944884,0.5275590551181102,0.5039370078740157,0.7007874015748031,0.7007874015748031,1.0,-0.5905511811023622,0.3464566929133858,-0.2440944881889764,0.15748031496062992,0.047244094488188976,0.14173228346456693,0.2125984251968504,0.1968503937007874,-0.7007874015748031,0.031496062992125984,-0.15748031496062992,-0.16535433070866143,0.11811023622047244,-0.07086614173228346,0.07086614173228346,-0.007874015748031496,-0.7007874015748031,-0.2677165354330709,-0.14173228346456693,-0.41732283464566927,0.023622047244094488,-0.28346456692913385,-0.03937007874015748,-0.2125984251968504,-0.6850393700787402,-0.5039370078740157,-0.2440944881889764,-0.5984251968503937,-0.07086614173228346,-0.48031496062992124,-0.11811023622047244,-0.4094488188976378
4,0.0,0.0,-0.08496732026143791,0.1895424836601307,-0.19607843137254902,0.46405228758169936,-0.16339869281045752,0.7712418300653595,-0.10457516339869281,1.0,-0.7124183006535948,0.1503267973856209,-0.33986928104575165,0.23529411764705882,-0.09803921568627451,0.23529411764705882,0.013071895424836602,0.20261437908496732,-0.673202614379085,-0.12418300653594772,-0.20261437908496732,0.0,-0.05228758169934641,0.06535947712418301,-0.06535947712418301,0.0718954248366013,-0.5555555555555556,-0.3333333333333333,-0.11764705882352941,-0.1830065359477124,-0.013071895424836602,-0.09803921568627451,-0.05228758169934641,-0.09803921568627451,-0.41830065359477125,-0.49673202614379086,-0.11764705882352941,-0.38562091503267976,-0.0196078431372549,-0.27450980392156865,-0.0392156862745098,-0.24183006535947713
4,0.0,0.0,-0.21875,0.2265625,-0.484375,0.4765625,-0.6015625,0.7421875,-0.65625,1.0,-0.9375,-0.1328125,-0.6015625,0.0703125,-0.328125,0.171875,-0.1953125,0.1796875,-0.796875,-0.4296875,-0.375,-0.125,-0.1875,0.0234375,-0.1484375,0.0390625,-0.578125,-0.625,-0.1796875,-0.2890625,-0.0625,-0.1328125,-0.078125,-0.1328125,-0.34375,-0.7421875,-0.0703125,-0.4765625,0.0234375,-0.296875,0.0078125,-0.25
4,0.0,0.0,-0.17391304347826086,0.2422360248447205,-0.38509316770186336,0.515527950310559,-0.484472049689441,0.782608695652174,-0.4720496894409938,1.0,-0.6832298136645962,0.3105590062111801,-0.9192546583850931,0.3105590062111801,-0.6894409937888198,0.2919254658385093,-0.4906832298136646,0.2670807453416149,-0.6708074534161491,0.10559006211180125,-0.8509316770186336,0.09937888198757763,-0.5527950310559007,0.09316770186335403,-0.36645962732919257,0.08074534161490683,-0.6273291925465838,-0.07453416149068323,-0.7639751552795031,-0.08695652173913043,-0.4968944099378882,-0.049689440993788817,-0.32919254658385094,-0.037267080745341616,-0.5714285714285714,-0.2422360248447205,-0.7142857142857143,-0.2546583850931677,-0.5403726708074534,-0.19875776397515527,-0.40993788819875776,-0.16770186335403728
4,0.0,0.0,-0.056,0.248,-0.24,0.552,-0.304,0.8,-0.312,1.0,-0.616,0.456,-0.808,0.528,-0.576,0.464,-0.376,0.4,-0.648,0.264,-0.816,0.312,-0.512,0.24,-0.304,0.168,-0.648,0.056,-0.784,0.096,-0.496,0.048,-0.304,0.008,-0.632,-0.144,-0.768,-0.112,-0.568,-0.096,-0.424,-0.096
4,0.0,0.0,-0.12751677852348994,0.2550335570469799,-0.2751677852348993,0.5369127516778524,-0.30201342281879195,0.7986577181208053,-0.22818791946308725,1.0,-0.5973154362416108,0.40939597315436244,-0.7919463087248322,0.48322147651006714,-0.5906040268456376,0.4161073825503356,-0.4228187919463087,0.3422818791946309,-0.6241610738255033,0.2348993288590604,-0.7718120805369127,0.2684563758389262,-0.5033557046979866,0.21476510067114093,-0.33557046979865773,0.15436241610738255,-0.610738255033557,0.06040268456375839,-0.7516778523489933,0.08053691275167785,-0.4966442953020134,0.06040268456375839,-0.33557046979865773,0.026845637583892617,-0.5771812080536913,-0.10738255033557047,-0.7248322147651006,-0.09395973154362416,-0.5436241610738255,-0.0738255033557047,-0.40939597315436244,-0.0738255033557047
4,0.0,0.0,-0.15447154471544716,0.24390243902439024,-0.2926829268292683,0.5284552845528455,-0.3170731707317073,0.7967479674796748,-0.21951219512195122,1.0,-0.6585365853658537,0.3333333333333333,-0.7967479674796748,0.36585365853658536,-0.5528455284552846,0.3333333333333333,-0.35772357723577236,0.3008130081300813,-0.6666666666666666,0.13821138211382114,-0.8130081300813008,0.14634146341463414,-0.5365853658536586,0.15447154471544716,-0.3252032520325203,0.14634146341463414,-0.6504065040650406,-0.04878048780487805,-0.7804878048780488,-0.04065040650406504,-0.5365853658536586,-0.008130081300813009,-0.34146341463414637,0.0,-0.6016260162601627,-0.21951219512195122,-0.7317073170731707,-0.21138211382113822,-0.5609756097560976,-0.15447154471544716,-0.4146341463414634,-0.13008130081300814
4,0.0,0.0,-0.15306122448979592,0.25510204081632654,-0.3163265306122449,0.5306122448979592,-0.35714285714285715,0.7857142857142857,-0.2755102040816326,1.0,-0.8061224489795918,0.23469387755102042,-0.7346938775510204,0.29591836734693877,-0.5,0.2755102040816326,-0.32653061224489793,0.25510204081632654,-0.8163265306122449,0.030612244897959183,-0.6836734693877551,0.10204081632653061,-0.4489795918367347,0.11224489795918367,-0.2653061224489796,0.09183673469387756,-0.7448979591836735,-0.15306122448979592,-0.6224489795918368,-0.09183673469387756,-0.3979591836734694,-0.04081632653061224,-0.24489795918367346,-0.04081632653061224,-0.6326530612244898,-0.3163265306122449,-0.6020408163265306,-0.2755102040816326,-0.4387755102040816,-0.20408163265306123,-0.3163265306122449,-0.16326530612244897
4,0.0,0.0,-0.12631578947368421,0.23157894736842105,-0.2736842105263158,0.5263157894736842,-0.28421052631578947,0.7789473684210526,-0.18947368421052632,1.0,-0.8105263157894737,0.29473684210526313,-0.8736842105263158,0.23157894736842105,-0.5789473684210527,0.21052631578947367,-0.35789473684210527,0.21052631578947367,-0.8105263157894737,0.05263157894736842,-0.8631578947368421,-0.031578947368421054,-0.5473684210526316,-0.021052631578947368,-0.3157894736842105,0.010526315789473684,-0.7684210526315789,-0.14736842105263157,-0.7789473684210526,-0.24210526315789474,-0.5052631578947369,-0.18947368421052632,-0.3263157894736842,-0.11578947368421053,-0.6842105263157895,-0.3368421052631579,-0.7263157894736842,-0.43157894736842106,-0.5157894736842106,-0.35789473684210527,-0.3894736842105263,-0.2736842105263158
4,0.0,0.0,-0.16521739130434782,0.24347826086956523,-0.34782608695652173,0.5130434782608696,-0.43478260869565216,0.782608695652174,-0.4434782608695652,1.0,-0.7478260869565218,0.3130434782608696,-0.8347826086956521,0.3826086956521739,-0.6173913043478261,0.3391304347826087,-0.4260869565217391,0.2956521739130435,-0.7652173913043478,0.13043478260869565,-0.8,0.17391304347826086,-0.5217391304347826,0.1565217391304348,-0.3217391304347826,0.13043478260869565,-0.7217391304347827,-0.05217391304347826,-0.7391304347826086,-0.017391304347826087,-0.4782608695652174,0.0,-0.2956521739130435,0.017391304347826087,-0.6608695652173913,-0.22608695652173913,-0.7043478260869566,-0.19130434782608696,-0.5217391304347826,-0.13043478260869565,-0.3826086956521739,-0.09565217391304348
4,0.0,0.0,-0.16216216216216217,0.2072072072072072,-0.3063063063063063,0.4864864864864865,-0.2972972972972973,0.7477477477477478,-0.16216216216216217,1.0,-0.8378378378378378,0.24324324324324326,-0.9009009009009009,0.14414414414414414,-0.5945945945945946,0.11711711711711711,-0.35135135135135137,0.12612612612612611,-0.8288288288288288,-0.009009009009009009,-0.8558558558558559,-0.13513513513513514,-0.5225225225225225,-0.10810810810810811,-0.26126126126126126,-0.04504504504504504,-0.7657657657657657,-0.22522522522522523,-0.7747747747747747,-0.34234234234234234,-0.4864864864864865,-0.27927927927927926,-0.27927927927927926,-0.1891891891891892,-0.6846846846846847,-0.40540540540540543,-0.7117117117117117,-0.5135135135135135,-0.5045045045045045,-0.44144144144144143,-0.35135135135135137,-0.36036036036036034
4,0.0,0.0,-0.01694915254237288,0.19491525423728814,-0.09322033898305085,0.4745762711864407,-0.03389830508474576,0.7372881355932204,0.05084745762711865,1.0,-0.8305084745762712,0.13559322033898305,-0.5254237288135594,0.03389830508474576,-0.2288135593220339,0.03389830508474576,-0.09322033898305085,0.0423728813559322,-0.8389830508474576,-0.17796610169491525,-0.3559322033898305,-0.2542372881355932,-0.11016949152542373,-0.13559322033898305,-0.0847457627118644,-0.0847457627118644,-0.7372881355932204,-0.4322033898305085,-0.2457627118644068,-0.4576271186440678,-0.06779661016949153,-0.3135593220338983,-0.0847457627118644,-0.23728813559322035,-0.6101694915254238,-0.635593220338983,-0.2627118644067797,-0.652542372881356,-0.11864406779661017,-0.5169491525423728,-0.1271186440677966,-0.423728813559322
4,0.0,0.0,0.08759124087591241,0.2116788321167883,0.1386861313868613,0.48175182481751827,0.25547445255474455,0.7226277372262774,0.40145985401459855,1.0,-0.7153284671532847,0.2773722627737226,-0.35036496350364965,0.12408759124087591,-0.08029197080291971,0.08029197080291971,0.06569343065693431,0.08029197080291971,-0.7956204379562044,-0.0364963503649635,-0.2846715328467153,-0.18248175182481752,-0.0364963503649635,-0.11678832116788321,-0.021897810218978103,-0.072992700729927,-0.7518248175182481,-0.31386861313868614,-0.23357664233576642,-0.41605839416058393,-0.051094890510948905,-0.30656934306569344,-0.06569343065693431,-0.24087591240875914,-0.6788321167883211,-0.5401459854014599,-0.27007299270072993,-0.5985401459854015,-0.10218978102189781,-0.4744525547445255,-0.10948905109489052,-0.38686131386861317
4,0.0,0.0,-0.2773722627737226,0.20437956204379562,-0.5766423357664233,0.4306569343065693,-0.7372262773722628,0.6861313868613139,-0.7883211678832117,0.9124087591240876,-0.7956204379562044,0.12408759124087591,-1.0,0.11678832116788321,-0.781021897810219,0.1386861313868613,-0.5693430656934306,0.16058394160583941,-0.7372262773722628,-0.06569343065693431,-0.8759124087591241,-0.072992700729927,-0.6204379562043796,-0.014598540145985401,-0.40145985401459855,0.043795620437956206,-0.6496350364963503,-0.24087591240875914,-0.7737226277372263,-0.26277372262773724,-0.5474452554744526,-0.16058394160583941,-0.35036496350364965,-0.08029197080291971,-0.5547445255474452,-0.38686131386861317,-0.6934306569343066,-0.40875912408759124,-0.5474452554744526,-0.30656934306569344,-0.39416058394160586,-0.24087591240875914
4,0.0,0.0,-0.1559633027522936,0.25688073394495414,-0.3394495412844037,0.5321100917431193,-0.4036697247706422,0.7981651376146789,-0.3486238532110092,1.0,-0.6422018348623854,0.4036697247706422,-0.8623853211009175,0.4036697247706422,-0.6513761467889908,0.3394495412844037,-0.45871559633027525,0.28440366972477066,-0.6513761467889908,0.22018348623853212,-0.8073394495412844,0.2018348623853211,-0.5504587155963303,0.14678899082568808,-0.3577981651376147,0.11926605504587157,-0.6330275229357798,0.03669724770642202,-0.7706422018348624,0.01834862385321101,-0.5321100917431193,0.0,-0.3486238532110092,0.0,-0.5963302752293578,-0.12844036697247707,-0.7614678899082569,-0.13761467889908258,-0.5871559633027523,-0.12844036697247707,-0.44036697247706424,-0.11009174311926606
4,0.0,0.0,-0.17475728155339806,0.22330097087378642,-0.4174757281553398,0.49514563106796117,-0.5339805825242718,0.7475728155339806,-0.5242718446601942,0.9514563106796117,-0.7766990291262136,0.3300970873786408,-1.0,0.3106796116504854,-0.7281553398058253,0.2621359223300971,-0.5048543689320388,0.22330097087378642,-0.7766990291262136,0.10679611650485436,-0.912621359223301,0.05825242718446602,-0.5922330097087378,0.04854368932038835,-0.3883495145631068,0.04854368932038835,-0.7281553398058253,-0.0970873786407767,-0.8252427184466019,-0.14563106796116504,-0.5436893203883495,-0.10679611650485436,-0.3592233009708738,-0.07766990291262135,-0.6504854368932039,-0.2815533980582524,-0.7864077669902912,-0.3300970873786408,-0.5922330097087378,-0.27184466019417475,-0.44660194174757284,-0.21359223300970873
4,0.0,0.0,-0.2047244094488189,0.1889763779527559,-0.4330708661417323,0.4330708661417323,-0.5354330708661418,0.7007874015748031,-0.4645669291338583,0.905511811023622,-0.7874015748031497,0.2283464566929134,-1.0,0.16535433070866143,-0.7401574803149606,0.14173228346456693,-0.5275590551181102,0.14173228346456693,-0.7559055118110236,0.007874015748031496,-0.889763779527559,-0.07874015748031496,-0.5748031496062992,-0.05511811023622047,-0.3779527559055118,-0.023622047244094488,-0.6850393700787402,-0.18110236220472442,-0.7952755905511811,-0.2677165354330709,-0.5275590551181102,-0.2047244094488189,-0.3464566929133858,-0.14960629921259844,-0.6062992125984252,-0.3543307086614173,-0.7480314960629921,-0.44881889763779526,-0.5748031496062992,-0.3700787401574803,-0.44881889763779526,-0.2992125984251969
4,0.0,0.0,-0.22448979591836735,0.22959183673469388,-0.4642857142857143,0.4846938775510204,-0.5714285714285714,0.7653061224489796,-0.5408163265306123,1.0,-0.7397959183673469,0.22959183673469388,-0.9846938775510204,0.21428571428571427,-0.7448979591836735,0.20408163265306123,-0.5255102040816326,0.18877551020408162,-0.6989795918367347,0.01020408163265306,-0.8979591836734694,-0.030612244897959183,-0.5867346938775511,0.00510204081632653,-0.37244897959183676,0.02040816326530612,-0.6275510204081632,-0.17857142857142858,-0.7959183673469388,-0.23469387755102042,-0.5204081632653061,-0.15816326530612246,-0.32142857142857145,-0.11224489795918367,-0.5408163265306123,-0.3520408163265306,-0.7346938775510204,-0.41836734693877553,-0.5663265306122449,-0.336734693877551,-0.42346938775510207,-0.2857142857142857
4,0.0,0.0,-0.15151515151515152,0.24242424242424243,-0.3106060606060606,0.5227272727272727,-0.3333333333333333,0.7878787878787878,-0.24242424242424243,1.0,-0.6439393939393939,0.3333333333333333,-0.8257575757575758,0.36363636363636365,-0.5909090909090909,0.3181818181818182,-0.38636363636363635,0.26515151515151514,-0.6439393939393939,0.12878787878787878,-0.803030303030303,0.13636363636363635,-0.5151515151515151,0.10606060606060606,-0.29545454545454547,0.07575757575757576,-0.6136363636363636,-0.06060606060606061,-0.7651515151515151,-0.06060606060606061,-0.49242424242424243,-0.045454545454545456,-0.2878787878787879,-0.045454545454545456,-0.5606060606060606,-0.23484848484848486,-0.7272727272727273,-0.25,-0.5454545454545454,-0.19696969696969696,-0.38636363636363635,-0.1590909090909091
